pH,TDS,Turbidity,Temperature,pH_score,TDS_score,Turbidity_score,Temp_score,WQI,Category,Recommended_Use,Safety_Advice,Risk_Level
6.60,50.0,0.20,15.0,68.0,100.0,100.0,100.0,93.6,1,Drink after treatment + washing,Good physical parameters. Filter + disinfect (boil/UV/chlorine) before drinking. Lab-test recommended.,Low
6.67,72.9,0.40,15.7,74.0,100.0,100.0,100.0,94.8,1,Drink after treatment + washing,Good physical parameters. Filter + disinfect (boil/UV/chlorine) before drinking. Lab-test recommended.,Low
6.75,95.8,0.60,16.4,80.0,100.0,100.0,100.0,96.0,1,Drink after treatment + washing,Good physical parameters. Filter + disinfect (boil/UV/chlorine) before drinking. Lab-test recommended.,Low
6.82,118.8,0.80,17.1,86.0,100.0,100.0,100.0,97.2,1,Drink after treatment + washing,Good physical parameters. Filter + disinfect (boil/UV/chlorine) before drinking. Lab-test recommended.,Low
6.90,141.7,1.00,17.8,92.0,100.0,100.0,100.0,98.4,1,Drink after treatment + washing,Good physical parameters. Filter + disinfect (boil/UV/chlorine) before drinking. Lab-test recommended.,Low
6.97,164.6,1.20,18.5,98.0,100.0,99.0,100.0,99.2,1,Drink after treatment + washing,Good physical parameters. Filter + disinfect (boil/UV/chlorine) before drinking. Lab-test recommended.,Low
7.05,187.5,1.40,19.2,100.0,100.0,98.0,100.0,99.2,1,Drink after treatment + washing,Good physical parameters. Filter + disinfect (boil/UV/chlorine) before drinking. Lab-test recommended.,Low
7.12,210.4,1.60,20.0,100.0,100.0,97.0,100.0,98.8,1,Drink after treatment + washing,Good physical parameters. Filter + disinfect (boil/UV/chlorine) before drinking. Lab-test recommended.,Low
7.20,233.3,1.80,20.7,100.0,100.0,96.0,100.0,98.4,1,Drink after treatment + washing,Good physical parameters. Filter + disinfect (boil/UV/chlorine) before drinking. Lab-test recommended.,Low
7.28,256.2,2.00,21.4,100.0,100.0,95.0,100.0,98.0,1,Drink after treatment + washing,Good physical parameters. Filter + disinfect (boil/UV/chlorine) before drinking. Lab-test recommended.,Low
7.35,279.2,2.20,22.1,100.0,100.0,94.0,100.0,97.6,1,Drink after treatment + washing,Good physical parameters. Filter + disinfect (boil/UV/chlorine) before drinking. Lab-test recommended.,Low
7.42,302.1,2.40,22.8,100.0,99.8,93.0,100.0,97.1,1,Drink after treatment + washing,Good physical parameters. Filter + disinfect (boil/UV/chlorine) before drinking. Lab-test recommended.,Low
7.50,325.0,2.60,23.5,100.0,97.5,92.0,100.0,96.1,1,Drink after treatment + washing,Good physical parameters. Filter + disinfect (boil/UV/chlorine) before drinking. Lab-test recommended.,Low
7.58,347.9,2.80,24.2,97.0,95.2,91.0,100.0,94.4,1,Drink after treatment + washing,Good physical parameters. Filter + disinfect (boil/UV/chlorine) before drinking. Lab-test recommended.,Low
7.65,370.8,3.00,24.9,94.0,92.9,90.0,100.0,92.7,1,Drink after treatment + washing,Good physical parameters. Filter + disinfect (boil/UV/chlorine) before drinking. Lab-test recommended.,Low
7.72,393.8,3.20,25.6,91.0,90.6,89.0,100.0,91.0,1,Drink after treatment + washing,Good physical parameters. Filter + disinfect (boil/UV/chlorine) before drinking. Lab-test recommended.,Low
7.80,416.7,3.40,26.3,88.0,88.3,88.0,100.0,89.3,1,Drink after treatment + washing,Good physical parameters. Filter + disinfect (boil/UV/chlorine) before drinking. Lab-test recommended.,Low
7.88,439.6,3.60,27.0,85.0,86.0,87.0,100.0,87.6,1,Drink after treatment + washing,Good physical parameters. Filter + disinfect (boil/UV/chlorine) before drinking. Lab-test recommended.,Low
7.95,462.5,3.80,27.8,82.0,83.8,86.0,100.0,85.9,1,Drink after treatment + washing,Good physical parameters. Filter + disinfect (boil/UV/chlorine) before drinking. Lab-test recommended.,Low
8.03,485.4,4.00,28.5,79.0,81.5,85.0,96.6,83.9,1,Drink after treatment + washing,Good physical parameters. Filter + disinfect (boil/UV/chlorine) before drinking. Lab-test recommended.,Low
8.10,508.3,4.20,29.2,76.0,79.7,84.0,91.2,81.8,1,Drink after treatment + washing,Good physical parameters. Filter + disinfect (boil/UV/chlorine) before drinking. Lab-test recommended.,Low
8.18,531.2,4.40,29.9,73.0,78.8,83.0,85.9,80.0,1,Drink after treatment + washing,Good physical parameters. Filter + disinfect (boil/UV/chlorine) before drinking. Lab-test recommended.,Low
8.25,554.2,4.60,30.6,70.0,77.8,82.0,80.6,78.2,1,Drink after treatment + washing,Good physical parameters. Filter + disinfect (boil/UV/chlorine) before drinking. Lab-test recommended.,Low
8.33,577.1,4.80,31.3,67.0,76.9,81.0,75.3,76.4,1,Drink after treatment + washing,Good physical parameters. Filter + disinfect (boil/UV/chlorine) before drinking. Lab-test recommended.,Low
8.40,600.0,5.00,32.0,64.0,76.0,80.0,70.0,74.6,1,Drink after treatment + washing,Good physical parameters. Filter + disinfect (boil/UV/chlorine) before drinking. Lab-test recommended.,Low
6.00,100.0,1.00,10.0,40.0,100.0,100.0,60.0,84.0,2,Washing clothes/dishes/bathing,"Suitable for laundry, dishwashing, bathing. Pre-filter if turbid. Not recommended for drinking without advanced treatment.",Medium
6.02,115.3,1.23,10.2,41.0,100.0,98.8,61.9,83.9,2,Washing clothes/dishes/bathing,"Suitable for laundry, dishwashing, bathing. Pre-filter if turbid. Not recommended for drinking without advanced treatment.",Medium
6.05,130.6,1.47,10.5,41.9,100.0,97.7,63.9,83.8,2,Washing clothes/dishes/bathing,"Suitable for laundry, dishwashing, bathing. Pre-filter if turbid. Not recommended for drinking without advanced treatment.",Medium
6.07,146.0,1.70,10.7,42.9,100.0,96.5,65.8,83.8,2,Washing clothes/dishes/bathing,"Suitable for laundry, dishwashing, bathing. Pre-filter if turbid. Not recommended for drinking without advanced treatment.",Medium
6.10,161.3,1.94,11.0,43.9,100.0,95.3,67.7,83.7,2,Washing clothes/dishes/bathing,"Suitable for laundry, dishwashing, bathing. Pre-filter if turbid. Not recommended for drinking without advanced treatment.",Medium
6.12,176.6,2.17,11.2,44.8,100.0,94.2,69.7,83.6,2,Washing clothes/dishes/bathing,"Suitable for laundry, dishwashing, bathing. Pre-filter if turbid. Not recommended for drinking without advanced treatment.",Medium
6.15,191.9,2.40,11.5,45.8,100.0,93.0,71.6,83.5,2,Washing clothes/dishes/bathing,"Suitable for laundry, dishwashing, bathing. Pre-filter if turbid. Not recommended for drinking without advanced treatment.",Medium
6.17,207.3,2.64,11.7,46.8,100.0,91.8,73.5,83.4,2,Washing clothes/dishes/bathing,"Suitable for laundry, dishwashing, bathing. Pre-filter if turbid. Not recommended for drinking without advanced treatment.",Medium
6.19,222.6,2.87,11.9,47.7,100.0,90.6,75.5,83.4,2,Washing clothes/dishes/bathing,"Suitable for laundry, dishwashing, bathing. Pre-filter if turbid. Not recommended for drinking without advanced treatment.",Medium
6.22,237.9,3.10,12.2,48.7,100.0,89.5,77.4,83.3,2,Washing clothes/dishes/bathing,"Suitable for laundry, dishwashing, bathing. Pre-filter if turbid. Not recommended for drinking without advanced treatment.",Medium
6.24,253.2,3.34,12.4,49.7,100.0,88.3,79.4,83.2,2,Washing clothes/dishes/bathing,"Suitable for laundry, dishwashing, bathing. Pre-filter if turbid. Not recommended for drinking without advanced treatment.",Medium
6.27,268.5,3.57,12.7,50.6,100.0,87.1,81.3,83.1,2,Washing clothes/dishes/bathing,"Suitable for laundry, dishwashing, bathing. Pre-filter if turbid. Not recommended for drinking without advanced treatment.",Medium
6.29,283.9,3.81,12.9,51.6,100.0,86.0,83.2,83.0,2,Washing clothes/dishes/bathing,"Suitable for laundry, dishwashing, bathing. Pre-filter if turbid. Not recommended for drinking without advanced treatment.",Medium
6.31,299.2,4.04,13.1,52.6,100.0,84.8,85.2,83.0,2,Washing clothes/dishes/bathing,"Suitable for laundry, dishwashing, bathing. Pre-filter if turbid. Not recommended for drinking without advanced treatment.",Medium
6.34,314.5,4.27,13.4,53.5,98.5,83.6,87.1,82.4,2,Washing clothes/dishes/bathing,"Suitable for laundry, dishwashing, bathing. Pre-filter if turbid. Not recommended for drinking without advanced treatment.",Medium
6.36,329.8,4.51,13.6,54.5,97.0,82.5,89.0,81.9,2,Washing clothes/dishes/bathing,"Suitable for laundry, dishwashing, bathing. Pre-filter if turbid. Not recommended for drinking without advanced treatment.",Medium
6.39,345.2,4.74,13.9,55.5,95.5,81.3,91.0,81.4,2,Washing clothes/dishes/bathing,"Suitable for laundry, dishwashing, bathing. Pre-filter if turbid. Not recommended for drinking without advanced treatment.",Medium
6.41,360.5,4.98,14.1,56.5,94.0,80.1,92.9,80.8,2,Washing clothes/dishes/bathing,"Suitable for laundry, dishwashing, bathing. Pre-filter if turbid. Not recommended for drinking without advanced treatment.",Medium
6.44,375.8,5.21,14.4,57.4,92.4,78.7,94.8,80.2,2,Washing clothes/dishes/bathing,"Suitable for laundry, dishwashing, bathing. Pre-filter if turbid. Not recommended for drinking without advanced treatment.",Medium
6.46,391.1,5.44,14.6,58.4,90.9,77.3,96.8,79.6,2,Washing clothes/dishes/bathing,"Suitable for laundry, dishwashing, bathing. Pre-filter if turbid. Not recommended for drinking without advanced treatment.",Medium
6.48,406.5,5.68,14.8,59.4,89.4,75.9,98.7,78.9,2,Washing clothes/dishes/bathing,"Suitable for laundry, dishwashing, bathing. Pre-filter if turbid. Not recommended for drinking without advanced treatment.",Medium
6.51,421.8,5.91,15.1,60.6,87.8,74.5,100.0,78.3,2,Washing clothes/dishes/bathing,"Suitable for laundry, dishwashing, bathing. Pre-filter if turbid. Not recommended for drinking without advanced treatment.",Medium
6.53,437.1,6.15,15.3,62.6,86.3,73.1,100.0,77.7,2,Washing clothes/dishes/bathing,"Suitable for laundry, dishwashing, bathing. Pre-filter if turbid. Not recommended for drinking without advanced treatment.",Medium
6.56,452.4,6.38,15.6,64.5,84.8,71.7,100.0,77.0,2,Washing clothes/dishes/bathing,"Suitable for laundry, dishwashing, bathing. Pre-filter if turbid. Not recommended for drinking without advanced treatment.",Medium
6.58,467.7,6.61,15.8,66.5,83.2,70.3,100.0,76.4,2,Washing clothes/dishes/bathing,"Suitable for laundry, dishwashing, bathing. Pre-filter if turbid. Not recommended for drinking without advanced treatment.",Medium
6.60,483.1,6.85,16.0,68.4,81.7,68.9,100.0,75.8,2,Washing clothes/dishes/bathing,"Suitable for laundry, dishwashing, bathing. Pre-filter if turbid. Not recommended for drinking without advanced treatment.",Medium
6.63,498.4,7.08,16.3,70.3,80.2,67.5,100.0,75.1,2,Washing clothes/dishes/bathing,"Suitable for laundry, dishwashing, bathing. Pre-filter if turbid. Not recommended for drinking without advanced treatment.",Medium
6.65,513.7,7.31,16.5,72.3,79.5,66.1,100.0,74.7,2,Washing clothes/dishes/bathing,"Suitable for laundry, dishwashing, bathing. Pre-filter if turbid. Not recommended for drinking without advanced treatment.",Medium
6.68,529.0,7.55,16.8,74.2,78.8,64.7,100.0,74.4,2,Washing clothes/dishes/bathing,"Suitable for laundry, dishwashing, bathing. Pre-filter if turbid. Not recommended for drinking without advanced treatment.",Medium
6.70,544.4,7.78,17.0,76.1,78.2,63.3,100.0,74.0,2,Washing clothes/dishes/bathing,"Suitable for laundry, dishwashing, bathing. Pre-filter if turbid. Not recommended for drinking without advanced treatment.",Medium
6.73,559.7,8.02,17.3,78.1,77.6,61.9,100.0,73.7,2,Washing clothes/dishes/bathing,"Suitable for laundry, dishwashing, bathing. Pre-filter if turbid. Not recommended for drinking without advanced treatment.",Medium
6.75,575.0,8.25,17.5,80.0,77.0,60.5,100.0,73.3,2,Washing clothes/dishes/bathing,"Suitable for laundry, dishwashing, bathing. Pre-filter if turbid. Not recommended for drinking without advanced treatment.",Medium
6.77,590.3,8.48,17.7,81.9,76.4,59.1,100.0,72.9,2,Washing clothes/dishes/bathing,"Suitable for laundry, dishwashing, bathing. Pre-filter if turbid. Not recommended for drinking without advanced treatment.",Medium
6.80,605.6,8.72,18.0,83.9,75.8,57.7,100.0,72.6,2,Washing clothes/dishes/bathing,"Suitable for laundry, dishwashing, bathing. Pre-filter if turbid. Not recommended for drinking without advanced treatment.",Medium
6.82,621.0,8.95,18.2,85.8,75.2,56.3,100.0,72.2,2,Washing clothes/dishes/bathing,"Suitable for laundry, dishwashing, bathing. Pre-filter if turbid. Not recommended for drinking without advanced treatment.",Medium
6.85,636.3,9.19,18.5,87.7,74.5,54.9,100.0,71.9,2,Washing clothes/dishes/bathing,"Suitable for laundry, dishwashing, bathing. Pre-filter if turbid. Not recommended for drinking without advanced treatment.",Medium
6.87,651.6,9.42,18.7,89.7,73.9,53.5,100.0,71.5,2,Washing clothes/dishes/bathing,"Suitable for laundry, dishwashing, bathing. Pre-filter if turbid. Not recommended for drinking without advanced treatment.",Medium
6.90,666.9,9.65,19.0,91.6,73.3,52.1,100.0,71.2,2,Washing clothes/dishes/bathing,"Suitable for laundry, dishwashing, bathing. Pre-filter if turbid. Not recommended for drinking without advanced treatment.",Medium
6.92,682.3,9.89,19.2,93.5,72.7,50.7,100.0,70.8,2,Washing clothes/dishes/bathing,"Suitable for laundry, dishwashing, bathing. Pre-filter if turbid. Not recommended for drinking without advanced treatment.",Medium
6.94,697.6,10.12,19.4,95.5,72.1,49.8,100.0,70.7,2,Washing clothes/dishes/bathing,"Suitable for laundry, dishwashing, bathing. Pre-filter if turbid. Not recommended for drinking without advanced treatment.",Medium
6.97,712.9,10.35,19.7,97.4,71.5,49.5,100.0,70.7,2,Washing clothes/dishes/bathing,"Suitable for laundry, dishwashing, bathing. Pre-filter if turbid. Not recommended for drinking without advanced treatment.",Medium
6.99,728.2,10.59,19.9,99.4,70.9,49.1,100.0,70.8,2,Washing clothes/dishes/bathing,"Suitable for laundry, dishwashing, bathing. Pre-filter if turbid. Not recommended for drinking without advanced treatment.",Medium
7.02,743.5,10.82,20.2,100.0,70.3,48.8,100.0,70.6,2,Washing clothes/dishes/bathing,"Suitable for laundry, dishwashing, bathing. Pre-filter if turbid. Not recommended for drinking without advanced treatment.",Medium
7.04,758.9,11.06,20.4,100.0,69.6,48.4,100.0,70.3,2,Washing clothes/dishes/bathing,"Suitable for laundry, dishwashing, bathing. Pre-filter if turbid. Not recommended for drinking without advanced treatment.",Medium
7.06,774.2,11.29,20.6,100.0,69.0,48.1,100.0,69.9,2,Washing clothes/dishes/bathing,"Suitable for laundry, dishwashing, bathing. Pre-filter if turbid. Not recommended for drinking without advanced treatment.",Medium
7.09,789.5,11.52,20.9,100.0,68.4,47.7,100.0,69.6,2,Washing clothes/dishes/bathing,"Suitable for laundry, dishwashing, bathing. Pre-filter if turbid. Not recommended for drinking without advanced treatment.",Medium
7.11,804.8,11.76,21.1,100.0,67.8,47.4,100.0,69.3,2,Washing clothes/dishes/bathing,"Suitable for laundry, dishwashing, bathing. Pre-filter if turbid. Not recommended for drinking without advanced treatment.",Medium
7.14,820.2,11.99,21.4,100.0,67.2,47.0,100.0,69.0,2,Washing clothes/dishes/bathing,"Suitable for laundry, dishwashing, bathing. Pre-filter if turbid. Not recommended for drinking without advanced treatment.",Medium
7.16,835.5,12.23,21.6,100.0,66.6,46.7,100.0,68.6,2,Washing clothes/dishes/bathing,"Suitable for laundry, dishwashing, bathing. Pre-filter if turbid. Not recommended for drinking without advanced treatment.",Medium
7.19,850.8,12.46,21.9,100.0,66.0,46.3,100.0,68.3,2,Washing clothes/dishes/bathing,"Suitable for laundry, dishwashing, bathing. Pre-filter if turbid. Not recommended for drinking without advanced treatment.",Medium
7.21,866.1,12.69,22.1,100.0,65.4,46.0,100.0,68.0,2,Washing clothes/dishes/bathing,"Suitable for laundry, dishwashing, bathing. Pre-filter if turbid. Not recommended for drinking without advanced treatment.",Medium
7.23,881.5,12.93,22.3,100.0,64.7,45.6,100.0,67.7,2,Washing clothes/dishes/bathing,"Suitable for laundry, dishwashing, bathing. Pre-filter if turbid. Not recommended for drinking without advanced treatment.",Medium
7.26,896.8,13.16,22.6,100.0,64.1,45.3,100.0,67.3,2,Washing clothes/dishes/bathing,"Suitable for laundry, dishwashing, bathing. Pre-filter if turbid. Not recommended for drinking without advanced treatment.",Medium
7.28,912.1,13.40,22.8,100.0,63.5,44.9,100.0,67.0,2,Washing clothes/dishes/bathing,"Suitable for laundry, dishwashing, bathing. Pre-filter if turbid. Not recommended for drinking without advanced treatment.",Medium
7.31,927.4,13.63,23.1,100.0,62.9,44.6,100.0,66.7,2,Washing clothes/dishes/bathing,"Suitable for laundry, dishwashing, bathing. Pre-filter if turbid. Not recommended for drinking without advanced treatment.",Medium
7.33,942.7,13.86,23.3,100.0,62.3,44.2,100.0,66.4,2,Washing clothes/dishes/bathing,"Suitable for laundry, dishwashing, bathing. Pre-filter if turbid. Not recommended for drinking without advanced treatment.",Medium
7.35,958.1,14.10,23.5,100.0,61.7,43.9,100.0,66.0,2,Washing clothes/dishes/bathing,"Suitable for laundry, dishwashing, bathing. Pre-filter if turbid. Not recommended for drinking without advanced treatment.",Medium
7.38,973.4,14.33,23.8,100.0,61.1,43.5,100.0,65.7,2,Washing clothes/dishes/bathing,"Suitable for laundry, dishwashing, bathing. Pre-filter if turbid. Not recommended for drinking without advanced treatment.",Medium
7.40,988.7,14.56,24.0,100.0,60.5,43.2,100.0,65.4,2,Washing clothes/dishes/bathing,"Suitable for laundry, dishwashing, bathing. Pre-filter if turbid. Not recommended for drinking without advanced treatment.",Medium
7.43,1004.0,14.80,24.3,100.0,59.9,42.8,100.0,65.1,2,Washing clothes/dishes/bathing,"Suitable for laundry, dishwashing, bathing. Pre-filter if turbid. Not recommended for drinking without advanced treatment.",Medium
7.45,1019.4,15.03,24.5,100.0,59.4,42.5,100.0,64.8,2,Washing clothes/dishes/bathing,"Suitable for laundry, dishwashing, bathing. Pre-filter if turbid. Not recommended for drinking without advanced treatment.",Medium
7.48,1034.7,15.27,24.8,100.0,59.0,42.1,100.0,64.5,2,Washing clothes/dishes/bathing,"Suitable for laundry, dishwashing, bathing. Pre-filter if turbid. Not recommended for drinking without advanced treatment.",Medium
7.50,1050.0,15.50,25.0,100.0,58.5,41.8,100.0,64.2,2,Washing clothes/dishes/bathing,"Suitable for laundry, dishwashing, bathing. Pre-filter if turbid. Not recommended for drinking without advanced treatment.",Medium
7.52,1065.3,15.73,25.2,99.0,58.0,41.4,100.0,63.8,2,Washing clothes/dishes/bathing,"Suitable for laundry, dishwashing, bathing. Pre-filter if turbid. Not recommended for drinking without advanced treatment.",Medium
7.55,1080.6,15.97,25.5,98.1,57.6,41.0,100.0,63.3,2,Washing clothes/dishes/bathing,"Suitable for laundry, dishwashing, bathing. Pre-filter if turbid. Not recommended for drinking without advanced treatment.",Medium
7.57,1096.0,16.20,25.7,97.1,57.1,40.7,100.0,62.8,2,Washing clothes/dishes/bathing,"Suitable for laundry, dishwashing, bathing. Pre-filter if turbid. Not recommended for drinking without advanced treatment.",Medium
7.60,1111.3,16.44,26.0,96.1,56.7,40.3,100.0,62.4,2,Washing clothes/dishes/bathing,"Suitable for laundry, dishwashing, bathing. Pre-filter if turbid. Not recommended for drinking without advanced treatment.",Medium
7.62,1126.6,16.67,26.2,95.2,56.2,40.0,100.0,61.9,2,Washing clothes/dishes/bathing,"Suitable for laundry, dishwashing, bathing. Pre-filter if turbid. Not recommended for drinking without advanced treatment.",Medium
7.65,1141.9,16.90,26.5,94.2,55.7,39.6,100.0,61.4,2,Washing clothes/dishes/bathing,"Suitable for laundry, dishwashing, bathing. Pre-filter if turbid. Not recommended for drinking without advanced treatment.",Medium
7.67,1157.3,17.14,26.7,93.2,55.3,39.3,100.0,60.9,2,Washing clothes/dishes/bathing,"Suitable for laundry, dishwashing, bathing. Pre-filter if turbid. Not recommended for drinking without advanced treatment.",Medium
7.69,1172.6,17.37,26.9,92.3,54.8,38.9,100.0,60.5,2,Washing clothes/dishes/bathing,"Suitable for laundry, dishwashing, bathing. Pre-filter if turbid. Not recommended for drinking without advanced treatment.",Medium
7.72,1187.9,17.60,27.2,91.3,54.4,38.6,100.0,60.0,2,Washing clothes/dishes/bathing,"Suitable for laundry, dishwashing, bathing. Pre-filter if turbid. Not recommended for drinking without advanced treatment.",Medium
7.74,1203.2,17.84,27.4,90.3,53.9,38.2,100.0,59.5,2,Washing clothes/dishes/bathing,"Suitable for laundry, dishwashing, bathing. Pre-filter if turbid. Not recommended for drinking without advanced treatment.",Medium
7.77,1218.5,18.07,27.7,89.4,53.4,37.9,100.0,59.1,2,Washing clothes/dishes/bathing,"Suitable for laundry, dishwashing, bathing. Pre-filter if turbid. Not recommended for drinking without advanced treatment.",Medium
7.79,1233.9,18.31,27.9,88.4,53.0,37.5,100.0,58.6,2,Washing clothes/dishes/bathing,"Suitable for laundry, dishwashing, bathing. Pre-filter if turbid. Not recommended for drinking without advanced treatment.",Medium
7.81,1249.2,18.54,28.1,87.4,52.5,37.2,98.9,58.0,2,Washing clothes/dishes/bathing,"Suitable for laundry, dishwashing, bathing. Pre-filter if turbid. Not recommended for drinking without advanced treatment.",Medium
7.84,1264.5,18.77,28.4,86.5,52.1,36.8,97.1,57.4,2,Washing clothes/dishes/bathing,"Suitable for laundry, dishwashing, bathing. Pre-filter if turbid. Not recommended for drinking without advanced treatment.",Medium
7.86,1279.8,19.01,28.6,85.5,51.6,36.5,95.3,56.7,2,Washing clothes/dishes/bathing,"Suitable for laundry, dishwashing, bathing. Pre-filter if turbid. Not recommended for drinking without advanced treatment.",Medium
7.89,1295.2,19.24,28.9,84.5,51.1,36.1,93.5,56.0,2,Washing clothes/dishes/bathing,"Suitable for laundry, dishwashing, bathing. Pre-filter if turbid. Not recommended for drinking without advanced treatment.",Medium
7.91,1310.5,19.48,29.1,83.5,50.7,35.8,91.7,55.4,2,Washing clothes/dishes/bathing,"Suitable for laundry, dishwashing, bathing. Pre-filter if turbid. Not recommended for drinking without advanced treatment.",Medium
7.94,1325.8,19.71,29.4,82.6,50.2,35.4,89.8,54.7,2,Washing clothes/dishes/bathing,"Suitable for laundry, dishwashing, bathing. Pre-filter if turbid. Not recommended for drinking without advanced treatment.",Medium
7.96,1341.1,19.94,29.6,81.6,49.8,35.1,88.0,54.1,2,Washing clothes/dishes/bathing,"Suitable for laundry, dishwashing, bathing. Pre-filter if turbid. Not recommended for drinking without advanced treatment.",Medium
7.98,1356.5,20.18,29.8,80.6,49.3,34.7,86.2,53.4,2,Washing clothes/dishes/bathing,"Suitable for laundry, dishwashing, bathing. Pre-filter if turbid. Not recommended for drinking without advanced treatment.",Medium
8.01,1371.8,20.41,30.1,79.7,48.8,34.4,84.4,52.8,2,Washing clothes/dishes/bathing,"Suitable for laundry, dishwashing, bathing. Pre-filter if turbid. Not recommended for drinking without advanced treatment.",Medium
8.03,1387.1,20.65,30.3,78.7,48.4,34.0,82.6,52.1,2,Washing clothes/dishes/bathing,"Suitable for laundry, dishwashing, bathing. Pre-filter if turbid. Not recommended for drinking without advanced treatment.",Medium
8.06,1402.4,20.88,30.6,77.7,47.9,33.7,80.8,51.5,2,Washing clothes/dishes/bathing,"Suitable for laundry, dishwashing, bathing. Pre-filter if turbid. Not recommended for drinking without advanced treatment.",Medium
8.08,1417.7,21.11,30.8,76.8,47.5,33.3,79.0,50.8,2,Washing clothes/dishes/bathing,"Suitable for laundry, dishwashing, bathing. Pre-filter if turbid. Not recommended for drinking without advanced treatment.",Medium
8.10,1433.1,21.35,31.0,75.8,47.0,33.0,77.1,50.2,2,Washing clothes/dishes/bathing,"Suitable for laundry, dishwashing, bathing. Pre-filter if turbid. Not recommended for drinking without advanced treatment.",Medium
8.13,1448.4,21.58,31.3,74.8,46.5,32.6,75.3,49.5,2,Washing clothes/dishes/bathing,"Suitable for laundry, dishwashing, bathing. Pre-filter if turbid. Not recommended for drinking without advanced treatment.",Medium
8.15,1463.7,21.81,31.5,73.9,46.1,32.3,73.5,48.9,2,Washing clothes/dishes/bathing,"Suitable for laundry, dishwashing, bathing. Pre-filter if turbid. Not recommended for drinking without advanced treatment.",Medium
8.18,1479.0,22.05,31.8,72.9,45.6,31.9,71.7,48.2,2,Washing clothes/dishes/bathing,"Suitable for laundry, dishwashing, bathing. Pre-filter if turbid. Not recommended for drinking without advanced treatment.",Medium
8.20,1494.4,22.28,32.0,71.9,45.2,31.6,69.9,47.6,2,Washing clothes/dishes/bathing,"Suitable for laundry, dishwashing, bathing. Pre-filter if turbid. Not recommended for drinking without advanced treatment.",Medium
8.23,1509.7,22.52,32.3,71.0,44.7,31.2,68.7,47.0,2,Washing clothes/dishes/bathing,"Suitable for laundry, dishwashing, bathing. Pre-filter if turbid. Not recommended for drinking without advanced treatment.",Medium
8.25,1525.0,22.75,32.5,70.0,44.2,30.9,67.5,46.4,2,Washing clothes/dishes/bathing,"Suitable for laundry, dishwashing, bathing. Pre-filter if turbid. Not recommended for drinking without advanced treatment.",Medium
8.27,1540.3,22.98,32.7,69.0,43.8,30.5,66.3,45.8,2,Washing clothes/dishes/bathing,"Suitable for laundry, dishwashing, bathing. Pre-filter if turbid. Not recommended for drinking without advanced treatment.",Medium
8.30,1555.6,23.22,33.0,68.1,43.3,30.2,65.1,45.2,2,Washing clothes/dishes/bathing,"Suitable for laundry, dishwashing, bathing. Pre-filter if turbid. Not recommended for drinking without advanced treatment.",Medium
8.32,1571.0,23.45,33.2,67.1,42.9,29.8,63.9,44.6,2,Washing clothes/dishes/bathing,"Suitable for laundry, dishwashing, bathing. Pre-filter if turbid. Not recommended for drinking without advanced treatment.",Medium
8.35,1586.3,23.69,33.5,66.1,42.4,29.5,62.7,44.0,2,Washing clothes/dishes/bathing,"Suitable for laundry, dishwashing, bathing. Pre-filter if turbid. Not recommended for drinking without advanced treatment.",Medium
8.37,1601.6,23.92,33.7,65.2,42.0,29.1,61.5,43.4,2,Washing clothes/dishes/bathing,"Suitable for laundry, dishwashing, bathing. Pre-filter if turbid. Not recommended for drinking without advanced treatment.",Medium
8.40,1616.9,24.15,34.0,64.2,41.5,28.8,60.2,42.8,2,Washing clothes/dishes/bathing,"Suitable for laundry, dishwashing, bathing. Pre-filter if turbid. Not recommended for drinking without advanced treatment.",Medium
8.42,1632.3,24.39,34.2,63.2,41.0,28.4,59.0,42.2,2,Washing clothes/dishes/bathing,"Suitable for laundry, dishwashing, bathing. Pre-filter if turbid. Not recommended for drinking without advanced treatment.",Medium
8.44,1647.6,24.62,34.4,62.3,40.6,28.1,57.8,41.6,2,Washing clothes/dishes/bathing,"Suitable for laundry, dishwashing, bathing. Pre-filter if turbid. Not recommended for drinking without advanced treatment.",Medium
8.47,1662.9,24.85,34.7,61.3,40.1,27.7,56.6,41.0,2,Washing clothes/dishes/bathing,"Suitable for laundry, dishwashing, bathing. Pre-filter if turbid. Not recommended for drinking without advanced treatment.",Medium
8.49,1678.2,25.09,34.9,60.3,39.7,27.4,55.4,40.4,2,Washing clothes/dishes/bathing,"Suitable for laundry, dishwashing, bathing. Pre-filter if turbid. Not recommended for drinking without advanced treatment.",Medium
8.52,1693.5,25.32,35.2,59.4,39.2,27.0,54.2,39.9,2,Washing clothes/dishes/bathing,"Suitable for laundry, dishwashing, bathing. Pre-filter if turbid. Not recommended for drinking without advanced treatment.",Medium
8.54,1708.9,25.56,35.4,58.4,38.7,26.7,53.0,39.3,2,Washing clothes/dishes/bathing,"Suitable for laundry, dishwashing, bathing. Pre-filter if turbid. Not recommended for drinking without advanced treatment.",Medium
8.56,1724.2,25.79,35.6,57.4,38.3,26.3,51.8,38.7,2,Washing clothes/dishes/bathing,"Suitable for laundry, dishwashing, bathing. Pre-filter if turbid. Not recommended for drinking without advanced treatment.",Medium
8.59,1739.5,26.02,35.9,56.5,37.8,26.0,50.6,38.1,2,Washing clothes/dishes/bathing,"Suitable for laundry, dishwashing, bathing. Pre-filter if turbid. Not recommended for drinking without advanced treatment.",Medium
8.61,1754.8,26.26,36.1,55.5,37.4,25.6,49.4,37.5,2,Washing clothes/dishes/bathing,"Suitable for laundry, dishwashing, bathing. Pre-filter if turbid. Not recommended for drinking without advanced treatment.",Medium
8.64,1770.2,26.49,36.4,54.5,36.9,25.3,48.1,36.9,2,Washing clothes/dishes/bathing,"Suitable for laundry, dishwashing, bathing. Pre-filter if turbid. Not recommended for drinking without advanced treatment.",Medium
8.66,1785.5,26.73,36.6,53.5,36.4,24.9,46.9,36.3,2,Washing clothes/dishes/bathing,"Suitable for laundry, dishwashing, bathing. Pre-filter if turbid. Not recommended for drinking without advanced treatment.",Medium
8.69,1800.8,26.96,36.9,52.6,36.0,24.6,45.7,35.7,2,Washing clothes/dishes/bathing,"Suitable for laundry, dishwashing, bathing. Pre-filter if turbid. Not recommended for drinking without advanced treatment.",Medium
8.71,1816.1,27.19,37.1,51.6,35.5,24.2,44.5,35.1,2,Washing clothes/dishes/bathing,"Suitable for laundry, dishwashing, bathing. Pre-filter if turbid. Not recommended for drinking without advanced treatment.",Medium
8.73,1831.5,27.43,37.3,50.6,35.1,23.9,43.3,34.5,2,Washing clothes/dishes/bathing,"Suitable for laundry, dishwashing, bathing. Pre-filter if turbid. Not recommended for drinking without advanced treatment.",Medium
8.76,1846.8,27.66,37.6,49.7,34.6,23.5,42.1,33.9,2,Washing clothes/dishes/bathing,"Suitable for laundry, dishwashing, bathing. Pre-filter if turbid. Not recommended for drinking without advanced treatment.",Medium
8.78,1862.1,27.90,37.8,48.7,34.1,23.2,40.9,33.3,2,Washing clothes/dishes/bathing,"Suitable for laundry, dishwashing, bathing. Pre-filter if turbid. Not recommended for drinking without advanced treatment.",Medium
8.81,1877.4,28.13,38.1,47.7,33.7,22.8,39.7,32.7,2,Washing clothes/dishes/bathing,"Suitable for laundry, dishwashing, bathing. Pre-filter if turbid. Not recommended for drinking without advanced treatment.",Medium
8.83,1892.7,28.36,38.3,46.8,33.2,22.5,38.5,32.1,2,Washing clothes/dishes/bathing,"Suitable for laundry, dishwashing, bathing. Pre-filter if turbid. Not recommended for drinking without advanced treatment.",Medium
8.85,1908.1,28.60,38.5,45.8,32.8,22.1,37.3,31.6,2,Washing clothes/dishes/bathing,"Suitable for laundry, dishwashing, bathing. Pre-filter if turbid. Not recommended for drinking without advanced treatment.",Medium
8.88,1923.4,28.83,38.8,44.8,32.3,21.8,36.0,31.0,2,Washing clothes/dishes/bathing,"Suitable for laundry, dishwashing, bathing. Pre-filter if turbid. Not recommended for drinking without advanced treatment.",Medium
8.90,1938.7,29.06,39.0,43.9,31.8,21.4,34.8,30.4,2,Washing clothes/dishes/bathing,"Suitable for laundry, dishwashing, bathing. Pre-filter if turbid. Not recommended for drinking without advanced treatment.",Medium
8.93,1954.0,29.30,39.3,42.9,31.4,21.1,33.6,29.8,2,Washing clothes/dishes/bathing,"Suitable for laundry, dishwashing, bathing. Pre-filter if turbid. Not recommended for drinking without advanced treatment.",Medium
8.95,1969.4,29.53,39.5,41.9,30.9,20.7,32.4,29.2,2,Washing clothes/dishes/bathing,"Suitable for laundry, dishwashing, bathing. Pre-filter if turbid. Not recommended for drinking without advanced treatment.",Medium
8.98,1984.7,29.77,39.8,41.0,30.5,20.4,31.2,28.6,2,Washing clothes/dishes/bathing,"Suitable for laundry, dishwashing, bathing. Pre-filter if turbid. Not recommended for drinking without advanced treatment.",Medium
9.00,2000.0,30.00,40.0,40.0,30.0,20.0,30.0,28.0,2,Washing clothes/dishes/bathing,"Suitable for laundry, dishwashing, bathing. Pre-filter if turbid. Not recommended for drinking without advanced treatment.",Medium
6.00,500.0,5.00,20.0,40.0,80.0,80.0,100.0,74.0,2,Washing clothes/dishes/bathing,"Suitable for laundry, dishwashing, bathing. Pre-filter if turbid. Not recommended for drinking without advanced treatment.",Medium
6.01,508.0,5.22,20.1,40.6,79.7,78.7,100.0,73.5,2,Washing clothes/dishes/bathing,"Suitable for laundry, dishwashing, bathing. Pre-filter if turbid. Not recommended for drinking without advanced treatment.",Medium
6.03,516.1,5.44,20.1,41.1,79.4,77.3,100.0,73.0,2,Washing clothes/dishes/bathing,"Suitable for laundry, dishwashing, bathing. Pre-filter if turbid. Not recommended for drinking without advanced treatment.",Medium
6.04,524.1,5.66,20.2,41.7,79.0,76.0,100.0,72.5,2,Washing clothes/dishes/bathing,"Suitable for laundry, dishwashing, bathing. Pre-filter if turbid. Not recommended for drinking without advanced treatment.",Medium
6.06,532.1,5.88,20.3,42.2,78.7,74.7,100.0,71.9,2,Washing clothes/dishes/bathing,"Suitable for laundry, dishwashing, bathing. Pre-filter if turbid. Not recommended for drinking without advanced treatment.",Medium
6.07,540.2,6.10,20.4,42.8,78.4,73.4,100.0,71.4,2,Washing clothes/dishes/bathing,"Suitable for laundry, dishwashing, bathing. Pre-filter if turbid. Not recommended for drinking without advanced treatment.",Medium
6.08,548.2,6.33,20.4,43.4,78.1,72.0,100.0,70.9,2,Washing clothes/dishes/bathing,"Suitable for laundry, dishwashing, bathing. Pre-filter if turbid. Not recommended for drinking without advanced treatment.",Medium
6.10,556.2,6.55,20.5,43.9,77.8,70.7,100.0,70.4,2,Washing clothes/dishes/bathing,"Suitable for laundry, dishwashing, bathing. Pre-filter if turbid. Not recommended for drinking without advanced treatment.",Medium
6.11,564.3,6.77,20.6,44.5,77.4,69.4,100.0,69.9,2,Washing clothes/dishes/bathing,"Suitable for laundry, dishwashing, bathing. Pre-filter if turbid. Not recommended for drinking without advanced treatment.",Medium
6.13,572.3,6.99,20.7,45.1,77.1,68.1,100.0,69.4,2,Washing clothes/dishes/bathing,"Suitable for laundry, dishwashing, bathing. Pre-filter if turbid. Not recommended for drinking without advanced treatment.",Medium
6.14,580.3,7.21,20.7,45.6,76.8,66.7,100.0,68.9,2,Washing clothes/dishes/bathing,"Suitable for laundry, dishwashing, bathing. Pre-filter if turbid. Not recommended for drinking without advanced treatment.",Medium
6.15,588.4,7.43,20.8,46.2,76.5,65.4,100.0,68.3,2,Washing clothes/dishes/bathing,"Suitable for laundry, dishwashing, bathing. Pre-filter if turbid. Not recommended for drinking without advanced treatment.",Medium
6.17,596.4,7.65,20.9,46.7,76.1,64.1,100.0,67.8,2,Washing clothes/dishes/bathing,"Suitable for laundry, dishwashing, bathing. Pre-filter if turbid. Not recommended for drinking without advanced treatment.",Medium
6.18,604.4,7.87,20.9,47.3,75.8,62.8,100.0,67.3,2,Washing clothes/dishes/bathing,"Suitable for laundry, dishwashing, bathing. Pre-filter if turbid. Not recommended for drinking without advanced treatment.",Medium
6.20,612.4,8.09,21.0,47.9,75.5,61.4,100.0,66.8,2,Washing clothes/dishes/bathing,"Suitable for laundry, dishwashing, bathing. Pre-filter if turbid. Not recommended for drinking without advanced treatment.",Medium
6.21,620.5,8.31,21.1,48.4,75.2,60.1,100.0,66.3,2,Washing clothes/dishes/bathing,"Suitable for laundry, dishwashing, bathing. Pre-filter if turbid. Not recommended for drinking without advanced treatment.",Medium
6.22,628.5,8.53,21.2,49.0,74.9,58.8,100.0,65.8,2,Washing clothes/dishes/bathing,"Suitable for laundry, dishwashing, bathing. Pre-filter if turbid. Not recommended for drinking without advanced treatment.",Medium
6.24,636.5,8.76,21.2,49.6,74.5,57.5,100.0,65.3,2,Washing clothes/dishes/bathing,"Suitable for laundry, dishwashing, bathing. Pre-filter if turbid. Not recommended for drinking without advanced treatment.",Medium
6.25,644.6,8.98,21.3,50.1,74.2,56.1,100.0,64.7,2,Washing clothes/dishes/bathing,"Suitable for laundry, dishwashing, bathing. Pre-filter if turbid. Not recommended for drinking without advanced treatment.",Medium
6.27,652.6,9.20,21.4,50.7,73.9,54.8,100.0,64.2,2,Washing clothes/dishes/bathing,"Suitable for laundry, dishwashing, bathing. Pre-filter if turbid. Not recommended for drinking without advanced treatment.",Medium
6.28,660.6,9.42,21.4,51.2,73.6,53.5,100.0,63.7,2,Washing clothes/dishes/bathing,"Suitable for laundry, dishwashing, bathing. Pre-filter if turbid. Not recommended for drinking without advanced treatment.",Medium
6.30,668.7,9.64,21.5,51.8,73.3,52.2,100.0,63.2,2,Washing clothes/dishes/bathing,"Suitable for laundry, dishwashing, bathing. Pre-filter if turbid. Not recommended for drinking without advanced treatment.",Medium
6.31,676.7,9.86,21.6,52.4,72.9,50.8,100.0,62.7,2,Washing clothes/dishes/bathing,"Suitable for laundry, dishwashing, bathing. Pre-filter if turbid. Not recommended for drinking without advanced treatment.",Medium
6.32,684.7,10.08,21.7,52.9,72.6,49.9,100.0,62.3,2,Washing clothes/dishes/bathing,"Suitable for laundry, dishwashing, bathing. Pre-filter if turbid. Not recommended for drinking without advanced treatment.",Medium
6.34,692.8,10.30,21.7,53.5,72.3,49.5,100.0,62.2,2,Washing clothes/dishes/bathing,"Suitable for laundry, dishwashing, bathing. Pre-filter if turbid. Not recommended for drinking without advanced treatment.",Medium
6.35,700.8,10.52,21.8,54.1,72.0,49.2,100.0,62.1,2,Washing clothes/dishes/bathing,"Suitable for laundry, dishwashing, bathing. Pre-filter if turbid. Not recommended for drinking without advanced treatment.",Medium
6.37,708.8,10.74,21.9,54.6,71.6,48.9,100.0,62.0,2,Washing clothes/dishes/bathing,"Suitable for laundry, dishwashing, bathing. Pre-filter if turbid. Not recommended for drinking without advanced treatment.",Medium
6.38,716.9,10.96,22.0,55.2,71.3,48.6,100.0,61.9,2,Washing clothes/dishes/bathing,"Suitable for laundry, dishwashing, bathing. Pre-filter if turbid. Not recommended for drinking without advanced treatment.",Medium
6.39,724.9,11.18,22.0,55.7,71.0,48.2,100.0,61.7,2,Washing clothes/dishes/bathing,"Suitable for laundry, dishwashing, bathing. Pre-filter if turbid. Not recommended for drinking without advanced treatment.",Medium
6.41,732.9,11.41,22.1,56.3,70.7,47.9,100.0,61.6,2,Washing clothes/dishes/bathing,"Suitable for laundry, dishwashing, bathing. Pre-filter if turbid. Not recommended for drinking without advanced treatment.",Medium
6.42,741.0,11.63,22.2,56.9,70.4,47.6,100.0,61.5,2,Washing clothes/dishes/bathing,"Suitable for laundry, dishwashing, bathing. Pre-filter if turbid. Not recommended for drinking without advanced treatment.",Medium
6.44,749.0,11.85,22.2,57.4,70.0,47.2,100.0,61.4,2,Washing clothes/dishes/bathing,"Suitable for laundry, dishwashing, bathing. Pre-filter if turbid. Not recommended for drinking without advanced treatment.",Medium
6.45,757.0,12.07,22.3,58.0,69.7,46.9,100.0,61.3,2,Washing clothes/dishes/bathing,"Suitable for laundry, dishwashing, bathing. Pre-filter if turbid. Not recommended for drinking without advanced treatment.",Medium
6.46,765.1,12.29,22.4,58.6,69.4,46.6,100.0,61.2,2,Washing clothes/dishes/bathing,"Suitable for laundry, dishwashing, bathing. Pre-filter if turbid. Not recommended for drinking without advanced treatment.",Medium
6.48,773.1,12.51,22.5,59.1,69.1,46.2,100.0,61.0,2,Washing clothes/dishes/bathing,"Suitable for laundry, dishwashing, bathing. Pre-filter if turbid. Not recommended for drinking without advanced treatment.",Medium
6.49,781.1,12.73,22.5,59.7,68.8,45.9,100.0,60.9,2,Washing clothes/dishes/bathing,"Suitable for laundry, dishwashing, bathing. Pre-filter if turbid. Not recommended for drinking without advanced treatment.",Medium
6.51,789.2,12.95,22.6,60.5,68.4,45.6,100.0,60.9,2,Washing clothes/dishes/bathing,"Suitable for laundry, dishwashing, bathing. Pre-filter if turbid. Not recommended for drinking without advanced treatment.",Medium
6.52,797.2,13.17,22.7,61.6,68.1,45.2,100.0,60.9,2,Washing clothes/dishes/bathing,"Suitable for laundry, dishwashing, bathing. Pre-filter if turbid. Not recommended for drinking without advanced treatment.",Medium
6.53,805.2,13.39,22.7,62.7,67.8,44.9,100.0,60.8,2,Washing clothes/dishes/bathing,"Suitable for laundry, dishwashing, bathing. Pre-filter if turbid. Not recommended for drinking without advanced treatment.",Medium
6.55,813.3,13.61,22.8,63.9,67.5,44.6,100.0,60.8,2,Washing clothes/dishes/bathing,"Suitable for laundry, dishwashing, bathing. Pre-filter if turbid. Not recommended for drinking without advanced treatment.",Medium
6.56,821.3,13.84,22.9,65.0,67.1,44.2,100.0,60.8,2,Washing clothes/dishes/bathing,"Suitable for laundry, dishwashing, bathing. Pre-filter if turbid. Not recommended for drinking without advanced treatment.",Medium
6.58,829.3,14.06,23.0,66.1,66.8,43.9,100.0,60.8,2,Washing clothes/dishes/bathing,"Suitable for laundry, dishwashing, bathing. Pre-filter if turbid. Not recommended for drinking without advanced treatment.",Medium
6.59,837.3,14.28,23.0,67.2,66.5,43.6,100.0,60.8,2,Washing clothes/dishes/bathing,"Suitable for laundry, dishwashing, bathing. Pre-filter if turbid. Not recommended for drinking without advanced treatment.",Medium
6.60,845.4,14.50,23.1,68.4,66.2,43.3,100.0,60.8,2,Washing clothes/dishes/bathing,"Suitable for laundry, dishwashing, bathing. Pre-filter if turbid. Not recommended for drinking without advanced treatment.",Medium
6.62,853.4,14.72,23.2,69.5,65.9,42.9,100.0,60.8,2,Washing clothes/dishes/bathing,"Suitable for laundry, dishwashing, bathing. Pre-filter if turbid. Not recommended for drinking without advanced treatment.",Medium
6.63,861.4,14.94,23.3,70.6,65.5,42.6,100.0,60.8,2,Washing clothes/dishes/bathing,"Suitable for laundry, dishwashing, bathing. Pre-filter if turbid. Not recommended for drinking without advanced treatment.",Medium
6.65,869.5,15.16,23.3,71.7,65.2,42.3,100.0,60.8,2,Washing clothes/dishes/bathing,"Suitable for laundry, dishwashing, bathing. Pre-filter if turbid. Not recommended for drinking without advanced treatment.",Medium
6.66,877.5,15.38,23.4,72.9,64.9,41.9,100.0,60.8,2,Washing clothes/dishes/bathing,"Suitable for laundry, dishwashing, bathing. Pre-filter if turbid. Not recommended for drinking without advanced treatment.",Medium
6.67,885.5,15.60,23.5,74.0,64.6,41.6,100.0,60.8,2,Washing clothes/dishes/bathing,"Suitable for laundry, dishwashing, bathing. Pre-filter if turbid. Not recommended for drinking without advanced treatment.",Medium
6.69,893.6,15.82,23.5,75.1,64.3,41.3,100.0,60.8,2,Washing clothes/dishes/bathing,"Suitable for laundry, dishwashing, bathing. Pre-filter if turbid. Not recommended for drinking without advanced treatment.",Medium
6.70,901.6,16.04,23.6,76.2,63.9,40.9,100.0,60.8,2,Washing clothes/dishes/bathing,"Suitable for laundry, dishwashing, bathing. Pre-filter if turbid. Not recommended for drinking without advanced treatment.",Medium
6.72,909.6,16.27,23.7,77.3,63.6,40.6,100.0,60.8,2,Washing clothes/dishes/bathing,"Suitable for laundry, dishwashing, bathing. Pre-filter if turbid. Not recommended for drinking without advanced treatment.",Medium
6.73,917.7,16.49,23.8,78.5,63.3,40.3,100.0,60.8,2,Washing clothes/dishes/bathing,"Suitable for laundry, dishwashing, bathing. Pre-filter if turbid. Not recommended for drinking without advanced treatment.",Medium
6.74,925.7,16.71,23.8,79.6,63.0,39.9,100.0,60.8,2,Washing clothes/dishes/bathing,"Suitable for laundry, dishwashing, bathing. Pre-filter if turbid. Not recommended for drinking without advanced treatment.",Medium
6.76,933.7,16.93,23.9,80.7,62.7,39.6,100.0,60.8,2,Washing clothes/dishes/bathing,"Suitable for laundry, dishwashing, bathing. Pre-filter if turbid. Not recommended for drinking without advanced treatment.",Medium
6.77,941.8,17.15,24.0,81.8,62.3,39.3,100.0,60.8,2,Washing clothes/dishes/bathing,"Suitable for laundry, dishwashing, bathing. Pre-filter if turbid. Not recommended for drinking without advanced treatment.",Medium
6.79,949.8,17.37,24.0,83.0,62.0,38.9,100.0,60.8,2,Washing clothes/dishes/bathing,"Suitable for laundry, dishwashing, bathing. Pre-filter if turbid. Not recommended for drinking without advanced treatment.",Medium
6.80,957.8,17.59,24.1,84.1,61.7,38.6,100.0,60.8,2,Washing clothes/dishes/bathing,"Suitable for laundry, dishwashing, bathing. Pre-filter if turbid. Not recommended for drinking without advanced treatment.",Medium
6.82,965.9,17.81,24.2,85.2,61.4,38.3,100.0,60.8,2,Washing clothes/dishes/bathing,"Suitable for laundry, dishwashing, bathing. Pre-filter if turbid. Not recommended for drinking without advanced treatment.",Medium
6.83,973.9,18.03,24.3,86.3,61.0,38.0,100.0,60.8,2,Washing clothes/dishes/bathing,"Suitable for laundry, dishwashing, bathing. Pre-filter if turbid. Not recommended for drinking without advanced treatment.",Medium
6.84,981.9,18.25,24.3,87.5,60.7,37.6,100.0,60.8,2,Washing clothes/dishes/bathing,"Suitable for laundry, dishwashing, bathing. Pre-filter if turbid. Not recommended for drinking without advanced treatment.",Medium
6.86,990.0,18.47,24.4,88.6,60.4,37.3,100.0,60.8,2,Washing clothes/dishes/bathing,"Suitable for laundry, dishwashing, bathing. Pre-filter if turbid. Not recommended for drinking without advanced treatment.",Medium
6.87,998.0,18.69,24.5,89.7,60.1,37.0,100.0,60.8,2,Washing clothes/dishes/bathing,"Suitable for laundry, dishwashing, bathing. Pre-filter if turbid. Not recommended for drinking without advanced treatment.",Medium
6.89,1006.0,18.92,24.6,90.8,59.8,36.6,100.0,60.8,2,Washing clothes/dishes/bathing,"Suitable for laundry, dishwashing, bathing. Pre-filter if turbid. Not recommended for drinking without advanced treatment.",Medium
6.90,1014.1,19.14,24.6,92.0,59.6,36.3,100.0,60.8,2,Washing clothes/dishes/bathing,"Suitable for laundry, dishwashing, bathing. Pre-filter if turbid. Not recommended for drinking without advanced treatment.",Medium
6.91,1022.1,19.36,24.7,93.1,59.3,36.0,100.0,60.8,2,Washing clothes/dishes/bathing,"Suitable for laundry, dishwashing, bathing. Pre-filter if turbid. Not recommended for drinking without advanced treatment.",Medium
6.93,1030.1,19.58,24.8,94.2,59.1,35.6,100.0,60.8,2,Washing clothes/dishes/bathing,"Suitable for laundry, dishwashing, bathing. Pre-filter if turbid. Not recommended for drinking without advanced treatment.",Medium
6.94,1038.2,19.80,24.8,95.3,58.9,35.3,100.0,60.8,2,Washing clothes/dishes/bathing,"Suitable for laundry, dishwashing, bathing. Pre-filter if turbid. Not recommended for drinking without advanced treatment.",Medium
6.96,1046.2,20.02,24.9,96.5,58.6,35.0,100.0,60.9,2,Washing clothes/dishes/bathing,"Suitable for laundry, dishwashing, bathing. Pre-filter if turbid. Not recommended for drinking without advanced treatment.",Medium
6.97,1054.2,20.24,25.0,97.6,58.4,34.6,100.0,60.9,2,Washing clothes/dishes/bathing,"Suitable for laundry, dishwashing, bathing. Pre-filter if turbid. Not recommended for drinking without advanced treatment.",Medium
6.98,1062.2,20.46,25.1,98.7,58.1,34.3,100.0,60.9,2,Washing clothes/dishes/bathing,"Suitable for laundry, dishwashing, bathing. Pre-filter if turbid. Not recommended for drinking without advanced treatment.",Medium
7.00,1070.3,20.68,25.1,99.8,57.9,34.0,100.0,60.9,2,Washing clothes/dishes/bathing,"Suitable for laundry, dishwashing, bathing. Pre-filter if turbid. Not recommended for drinking without advanced treatment.",Medium
7.01,1078.3,20.90,25.2,100.0,57.7,33.6,100.0,60.8,2,Washing clothes/dishes/bathing,"Suitable for laundry, dishwashing, bathing. Pre-filter if turbid. Not recommended for drinking without advanced treatment.",Medium
7.03,1086.3,21.12,25.3,100.0,57.4,33.3,100.0,60.5,2,Washing clothes/dishes/bathing,"Suitable for laundry, dishwashing, bathing. Pre-filter if turbid. Not recommended for drinking without advanced treatment.",Medium
7.04,1094.4,21.35,25.3,100.0,57.2,33.0,100.0,60.3,2,Washing clothes/dishes/bathing,"Suitable for laundry, dishwashing, bathing. Pre-filter if turbid. Not recommended for drinking without advanced treatment.",Medium
7.05,1102.4,21.57,25.4,100.0,56.9,32.7,100.0,60.1,2,Washing clothes/dishes/bathing,"Suitable for laundry, dishwashing, bathing. Pre-filter if turbid. Not recommended for drinking without advanced treatment.",Medium
7.07,1110.4,21.79,25.5,100.0,56.7,32.3,100.0,59.9,2,Washing clothes/dishes/bathing,"Suitable for laundry, dishwashing, bathing. Pre-filter if turbid. Not recommended for drinking without advanced treatment.",Medium
7.08,1118.5,22.01,25.6,100.0,56.4,32.0,100.0,59.7,2,Washing clothes/dishes/bathing,"Suitable for laundry, dishwashing, bathing. Pre-filter if turbid. Not recommended for drinking without advanced treatment.",Medium
7.10,1126.5,22.23,25.6,100.0,56.2,31.7,100.0,59.5,2,Washing clothes/dishes/bathing,"Suitable for laundry, dishwashing, bathing. Pre-filter if turbid. Not recommended for drinking without advanced treatment.",Medium
7.11,1134.5,22.45,25.7,100.0,56.0,31.3,100.0,59.3,2,Washing clothes/dishes/bathing,"Suitable for laundry, dishwashing, bathing. Pre-filter if turbid. Not recommended for drinking without advanced treatment.",Medium
7.12,1142.6,22.67,25.8,100.0,55.7,31.0,100.0,59.1,2,Washing clothes/dishes/bathing,"Suitable for laundry, dishwashing, bathing. Pre-filter if turbid. Not recommended for drinking without advanced treatment.",Medium
7.14,1150.6,22.89,25.9,100.0,55.5,30.7,100.0,58.9,2,Washing clothes/dishes/bathing,"Suitable for laundry, dishwashing, bathing. Pre-filter if turbid. Not recommended for drinking without advanced treatment.",Medium
7.15,1158.6,23.11,25.9,100.0,55.2,30.3,100.0,58.7,2,Washing clothes/dishes/bathing,"Suitable for laundry, dishwashing, bathing. Pre-filter if turbid. Not recommended for drinking without advanced treatment.",Medium
7.17,1166.7,23.33,26.0,100.0,55.0,30.0,100.0,58.5,2,Washing clothes/dishes/bathing,"Suitable for laundry, dishwashing, bathing. Pre-filter if turbid. Not recommended for drinking without advanced treatment.",Medium
7.18,1174.7,23.55,26.1,100.0,54.8,29.7,100.0,58.3,2,Washing clothes/dishes/bathing,"Suitable for laundry, dishwashing, bathing. Pre-filter if turbid. Not recommended for drinking without advanced treatment.",Medium
7.19,1182.7,23.78,26.1,100.0,54.5,29.3,100.0,58.1,2,Washing clothes/dishes/bathing,"Suitable for laundry, dishwashing, bathing. Pre-filter if turbid. Not recommended for drinking without advanced treatment.",Medium
7.21,1190.8,24.00,26.2,100.0,54.3,29.0,100.0,57.9,2,Washing clothes/dishes/bathing,"Suitable for laundry, dishwashing, bathing. Pre-filter if turbid. Not recommended for drinking without advanced treatment.",Medium
7.22,1198.8,24.22,26.3,100.0,54.0,28.7,100.0,57.7,2,Washing clothes/dishes/bathing,"Suitable for laundry, dishwashing, bathing. Pre-filter if turbid. Not recommended for drinking without advanced treatment.",Medium
7.24,1206.8,24.44,26.4,100.0,53.8,28.3,100.0,57.5,2,Washing clothes/dishes/bathing,"Suitable for laundry, dishwashing, bathing. Pre-filter if turbid. Not recommended for drinking without advanced treatment.",Medium
7.25,1214.9,24.66,26.4,100.0,53.6,28.0,100.0,57.3,2,Washing clothes/dishes/bathing,"Suitable for laundry, dishwashing, bathing. Pre-filter if turbid. Not recommended for drinking without advanced treatment.",Medium
7.27,1222.9,24.88,26.5,100.0,53.3,27.7,100.0,57.1,2,Washing clothes/dishes/bathing,"Suitable for laundry, dishwashing, bathing. Pre-filter if turbid. Not recommended for drinking without advanced treatment.",Medium
7.28,1230.9,25.10,26.6,100.0,53.1,27.3,100.0,56.9,2,Washing clothes/dishes/bathing,"Suitable for laundry, dishwashing, bathing. Pre-filter if turbid. Not recommended for drinking without advanced treatment.",Medium
7.29,1239.0,25.32,26.7,100.0,52.8,27.0,100.0,56.7,2,Washing clothes/dishes/bathing,"Suitable for laundry, dishwashing, bathing. Pre-filter if turbid. Not recommended for drinking without advanced treatment.",Medium
7.31,1247.0,25.54,26.7,100.0,52.6,26.7,100.0,56.5,2,Washing clothes/dishes/bathing,"Suitable for laundry, dishwashing, bathing. Pre-filter if turbid. Not recommended for drinking without advanced treatment.",Medium
7.32,1255.0,25.76,26.8,100.0,52.3,26.4,100.0,56.2,2,Washing clothes/dishes/bathing,"Suitable for laundry, dishwashing, bathing. Pre-filter if turbid. Not recommended for drinking without advanced treatment.",Medium
7.34,1263.1,25.98,26.9,100.0,52.1,26.0,100.0,56.0,2,Washing clothes/dishes/bathing,"Suitable for laundry, dishwashing, bathing. Pre-filter if turbid. Not recommended for drinking without advanced treatment.",Medium
7.35,1271.1,26.20,26.9,100.0,51.9,25.7,100.0,55.8,2,Washing clothes/dishes/bathing,"Suitable for laundry, dishwashing, bathing. Pre-filter if turbid. Not recommended for drinking without advanced treatment.",Medium
7.36,1279.1,26.43,27.0,100.0,51.6,25.4,100.0,55.6,2,Washing clothes/dishes/bathing,"Suitable for laundry, dishwashing, bathing. Pre-filter if turbid. Not recommended for drinking without advanced treatment.",Medium
7.38,1287.1,26.65,27.1,100.0,51.4,25.0,100.0,55.4,2,Washing clothes/dishes/bathing,"Suitable for laundry, dishwashing, bathing. Pre-filter if turbid. Not recommended for drinking without advanced treatment.",Medium
7.39,1295.2,26.87,27.2,100.0,51.1,24.7,100.0,55.2,2,Washing clothes/dishes/bathing,"Suitable for laundry, dishwashing, bathing. Pre-filter if turbid. Not recommended for drinking without advanced treatment.",Medium
7.41,1303.2,27.09,27.2,100.0,50.9,24.4,100.0,55.0,2,Washing clothes/dishes/bathing,"Suitable for laundry, dishwashing, bathing. Pre-filter if turbid. Not recommended for drinking without advanced treatment.",Medium
7.42,1311.2,27.31,27.3,100.0,50.7,24.0,100.0,54.8,2,Washing clothes/dishes/bathing,"Suitable for laundry, dishwashing, bathing. Pre-filter if turbid. Not recommended for drinking without advanced treatment.",Medium
7.43,1319.3,27.53,27.4,100.0,50.4,23.7,100.0,54.6,2,Washing clothes/dishes/bathing,"Suitable for laundry, dishwashing, bathing. Pre-filter if turbid. Not recommended for drinking without advanced treatment.",Medium
7.45,1327.3,27.75,27.4,100.0,50.2,23.4,100.0,54.4,2,Washing clothes/dishes/bathing,"Suitable for laundry, dishwashing, bathing. Pre-filter if turbid. Not recommended for drinking without advanced treatment.",Medium
7.46,1335.3,27.97,27.5,100.0,49.9,23.0,100.0,54.2,2,Washing clothes/dishes/bathing,"Suitable for laundry, dishwashing, bathing. Pre-filter if turbid. Not recommended for drinking without advanced treatment.",Medium
7.48,1343.4,28.19,27.6,100.0,49.7,22.7,100.0,54.0,2,Washing clothes/dishes/bathing,"Suitable for laundry, dishwashing, bathing. Pre-filter if turbid. Not recommended for drinking without advanced treatment.",Medium
7.49,1351.4,28.41,27.7,100.0,49.5,22.4,100.0,53.8,2,Washing clothes/dishes/bathing,"Suitable for laundry, dishwashing, bathing. Pre-filter if turbid. Not recommended for drinking without advanced treatment.",Medium
7.50,1359.4,28.63,27.7,99.8,49.2,22.0,100.0,53.6,2,Washing clothes/dishes/bathing,"Suitable for laundry, dishwashing, bathing. Pre-filter if turbid. Not recommended for drinking without advanced treatment.",Medium
7.52,1367.5,28.86,27.8,99.3,49.0,21.7,100.0,53.2,2,Washing clothes/dishes/bathing,"Suitable for laundry, dishwashing, bathing. Pre-filter if turbid. Not recommended for drinking without advanced treatment.",Medium
7.53,1375.5,29.08,27.9,98.7,48.7,21.4,100.0,52.9,2,Washing clothes/dishes/bathing,"Suitable for laundry, dishwashing, bathing. Pre-filter if turbid. Not recommended for drinking without advanced treatment.",Medium
7.55,1383.5,29.30,28.0,98.2,48.5,21.1,100.0,52.6,2,Washing clothes/dishes/bathing,"Suitable for laundry, dishwashing, bathing. Pre-filter if turbid. Not recommended for drinking without advanced treatment.",Medium
7.56,1391.6,29.52,28.0,97.6,48.3,20.7,99.8,52.3,2,Washing clothes/dishes/bathing,"Suitable for laundry, dishwashing, bathing. Pre-filter if turbid. Not recommended for drinking without advanced treatment.",Medium
7.57,1399.6,29.74,28.1,97.0,48.0,20.4,99.3,51.9,2,Washing clothes/dishes/bathing,"Suitable for laundry, dishwashing, bathing. Pre-filter if turbid. Not recommended for drinking without advanced treatment.",Medium
7.59,1407.6,29.96,28.2,96.5,47.8,20.1,98.7,51.5,2,Washing clothes/dishes/bathing,"Suitable for laundry, dishwashing, bathing. Pre-filter if turbid. Not recommended for drinking without advanced treatment.",Medium
7.60,1415.7,30.18,28.2,95.9,47.5,19.8,98.2,51.2,3,Marginal / limited use,"Marginal quality. Best for rough cleaning (floors, car, non-contact uses). Avoid for clothes/dishes. Do not drink.",Medium
7.62,1423.7,30.40,28.3,95.3,47.3,19.6,97.7,50.9,3,Marginal / limited use,"Marginal quality. Best for rough cleaning (floors, car, non-contact uses). Avoid for clothes/dishes. Do not drink.",Medium
7.63,1431.7,30.62,28.4,94.8,47.0,19.4,97.1,50.5,3,Marginal / limited use,"Marginal quality. Best for rough cleaning (floors, car, non-contact uses). Avoid for clothes/dishes. Do not drink.",Medium
7.64,1439.8,30.84,28.5,94.2,46.8,19.2,96.6,50.2,3,Marginal / limited use,"Marginal quality. Best for rough cleaning (floors, car, non-contact uses). Avoid for clothes/dishes. Do not drink.",Medium
7.66,1447.8,31.06,28.5,93.7,46.6,18.9,96.0,49.9,3,Marginal / limited use,"Marginal quality. Best for rough cleaning (floors, car, non-contact uses). Avoid for clothes/dishes. Do not drink.",Medium
7.67,1455.8,31.29,28.6,93.1,46.3,18.7,95.5,49.6,3,Marginal / limited use,"Marginal quality. Best for rough cleaning (floors, car, non-contact uses). Avoid for clothes/dishes. Do not drink.",Medium
7.69,1463.9,31.51,28.7,92.5,46.1,18.5,94.9,49.2,3,Marginal / limited use,"Marginal quality. Best for rough cleaning (floors, car, non-contact uses). Avoid for clothes/dishes. Do not drink.",Medium
7.70,1471.9,31.73,28.7,92.0,45.8,18.3,94.4,48.9,3,Marginal / limited use,"Marginal quality. Best for rough cleaning (floors, car, non-contact uses). Avoid for clothes/dishes. Do not drink.",Medium
7.71,1479.9,31.95,28.8,91.4,45.6,18.1,93.9,48.6,3,Marginal / limited use,"Marginal quality. Best for rough cleaning (floors, car, non-contact uses). Avoid for clothes/dishes. Do not drink.",Medium
7.73,1488.0,32.17,28.9,90.8,45.4,17.8,93.3,48.2,3,Marginal / limited use,"Marginal quality. Best for rough cleaning (floors, car, non-contact uses). Avoid for clothes/dishes. Do not drink.",Medium
7.74,1496.0,32.39,29.0,90.3,45.1,17.6,92.8,47.9,3,Marginal / limited use,"Marginal quality. Best for rough cleaning (floors, car, non-contact uses). Avoid for clothes/dishes. Do not drink.",Medium
7.76,1504.0,32.61,29.0,89.7,44.9,17.4,92.2,47.6,3,Marginal / limited use,"Marginal quality. Best for rough cleaning (floors, car, non-contact uses). Avoid for clothes/dishes. Do not drink.",Medium
7.77,1512.0,32.83,29.1,89.2,44.6,17.2,91.7,47.3,3,Marginal / limited use,"Marginal quality. Best for rough cleaning (floors, car, non-contact uses). Avoid for clothes/dishes. Do not drink.",Medium
7.79,1520.1,33.05,29.2,88.6,44.4,16.9,91.1,46.9,3,Marginal / limited use,"Marginal quality. Best for rough cleaning (floors, car, non-contact uses). Avoid for clothes/dishes. Do not drink.",Medium
7.80,1528.1,33.27,29.3,88.0,44.2,16.7,90.6,46.6,3,Marginal / limited use,"Marginal quality. Best for rough cleaning (floors, car, non-contact uses). Avoid for clothes/dishes. Do not drink.",Medium
7.81,1536.1,33.49,29.3,87.5,43.9,16.5,90.1,46.3,3,Marginal / limited use,"Marginal quality. Best for rough cleaning (floors, car, non-contact uses). Avoid for clothes/dishes. Do not drink.",Medium
7.83,1544.2,33.71,29.4,86.9,43.7,16.3,89.5,45.9,3,Marginal / limited use,"Marginal quality. Best for rough cleaning (floors, car, non-contact uses). Avoid for clothes/dishes. Do not drink.",Medium
7.84,1552.2,33.94,29.5,86.3,43.4,16.1,89.0,45.6,3,Marginal / limited use,"Marginal quality. Best for rough cleaning (floors, car, non-contact uses). Avoid for clothes/dishes. Do not drink.",Medium
7.86,1560.2,34.16,29.5,85.8,43.2,15.8,88.4,45.3,3,Marginal / limited use,"Marginal quality. Best for rough cleaning (floors, car, non-contact uses). Avoid for clothes/dishes. Do not drink.",Medium
7.87,1568.3,34.38,29.6,85.2,43.0,15.6,87.9,45.0,3,Marginal / limited use,"Marginal quality. Best for rough cleaning (floors, car, non-contact uses). Avoid for clothes/dishes. Do not drink.",Medium
7.88,1576.3,34.60,29.7,84.7,42.7,15.4,87.3,44.6,3,Marginal / limited use,"Marginal quality. Best for rough cleaning (floors, car, non-contact uses). Avoid for clothes/dishes. Do not drink.",Medium
7.90,1584.3,34.82,29.8,84.1,42.5,15.2,86.8,44.3,3,Marginal / limited use,"Marginal quality. Best for rough cleaning (floors, car, non-contact uses). Avoid for clothes/dishes. Do not drink.",Medium
7.91,1592.4,35.04,29.8,83.5,42.2,15.0,86.3,44.0,3,Marginal / limited use,"Marginal quality. Best for rough cleaning (floors, car, non-contact uses). Avoid for clothes/dishes. Do not drink.",Medium
7.93,1600.4,35.26,29.9,83.0,42.0,14.7,85.7,43.7,3,Marginal / limited use,"Marginal quality. Best for rough cleaning (floors, car, non-contact uses). Avoid for clothes/dishes. Do not drink.",Medium
7.94,1608.4,35.48,30.0,82.4,41.7,14.5,85.2,43.3,3,Marginal / limited use,"Marginal quality. Best for rough cleaning (floors, car, non-contact uses). Avoid for clothes/dishes. Do not drink.",Medium
7.95,1616.5,35.70,30.0,81.8,41.5,14.3,84.6,43.0,3,Marginal / limited use,"Marginal quality. Best for rough cleaning (floors, car, non-contact uses). Avoid for clothes/dishes. Do not drink.",Medium
7.97,1624.5,35.92,30.1,81.3,41.3,14.1,84.1,42.7,3,Marginal / limited use,"Marginal quality. Best for rough cleaning (floors, car, non-contact uses). Avoid for clothes/dishes. Do not drink.",Medium
7.98,1632.5,36.14,30.2,80.7,41.0,13.9,83.6,42.3,3,Marginal / limited use,"Marginal quality. Best for rough cleaning (floors, car, non-contact uses). Avoid for clothes/dishes. Do not drink.",Medium
8.00,1640.6,36.37,30.3,80.2,40.8,13.6,83.0,42.0,3,Marginal / limited use,"Marginal quality. Best for rough cleaning (floors, car, non-contact uses). Avoid for clothes/dishes. Do not drink.",Medium
8.01,1648.6,36.59,30.3,79.6,40.5,13.4,82.5,41.7,3,Marginal / limited use,"Marginal quality. Best for rough cleaning (floors, car, non-contact uses). Avoid for clothes/dishes. Do not drink.",Medium
8.02,1656.6,36.81,30.4,79.0,40.3,13.2,81.9,41.4,3,Marginal / limited use,"Marginal quality. Best for rough cleaning (floors, car, non-contact uses). Avoid for clothes/dishes. Do not drink.",Medium
8.04,1664.7,37.03,30.5,78.5,40.1,13.0,81.4,41.0,3,Marginal / limited use,"Marginal quality. Best for rough cleaning (floors, car, non-contact uses). Avoid for clothes/dishes. Do not drink.",Medium
8.05,1672.7,37.25,30.6,77.9,39.8,12.8,80.8,40.7,3,Marginal / limited use,"Marginal quality. Best for rough cleaning (floors, car, non-contact uses). Avoid for clothes/dishes. Do not drink.",Medium
8.07,1680.7,37.47,30.6,77.3,39.6,12.5,80.3,40.4,3,Marginal / limited use,"Marginal quality. Best for rough cleaning (floors, car, non-contact uses). Avoid for clothes/dishes. Do not drink.",Medium
8.08,1688.8,37.69,30.7,76.8,39.3,12.3,79.8,40.1,3,Marginal / limited use,"Marginal quality. Best for rough cleaning (floors, car, non-contact uses). Avoid for clothes/dishes. Do not drink.",Medium
8.09,1696.8,37.91,30.8,76.2,39.1,12.1,79.2,39.7,3,Marginal / limited use,"Marginal quality. Best for rough cleaning (floors, car, non-contact uses). Avoid for clothes/dishes. Do not drink.",Medium
8.11,1704.8,38.13,30.8,75.7,38.9,11.9,78.7,39.4,3,Marginal / limited use,"Marginal quality. Best for rough cleaning (floors, car, non-contact uses). Avoid for clothes/dishes. Do not drink.",Medium
8.12,1712.9,38.35,30.9,75.1,38.6,11.6,78.1,39.1,3,Marginal / limited use,"Marginal quality. Best for rough cleaning (floors, car, non-contact uses). Avoid for clothes/dishes. Do not drink.",Medium
8.14,1720.9,38.57,31.0,74.5,38.4,11.4,77.6,38.7,3,Marginal / limited use,"Marginal quality. Best for rough cleaning (floors, car, non-contact uses). Avoid for clothes/dishes. Do not drink.",Medium
8.15,1728.9,38.80,31.1,74.0,38.1,11.2,77.0,38.4,3,Marginal / limited use,"Marginal quality. Best for rough cleaning (floors, car, non-contact uses). Avoid for clothes/dishes. Do not drink.",Medium
8.16,1736.9,39.02,31.1,73.4,37.9,11.0,76.5,38.1,3,Marginal / limited use,"Marginal quality. Best for rough cleaning (floors, car, non-contact uses). Avoid for clothes/dishes. Do not drink.",Medium
8.18,1745.0,39.24,31.2,72.9,37.7,10.8,76.0,37.8,3,Marginal / limited use,"Marginal quality. Best for rough cleaning (floors, car, non-contact uses). Avoid for clothes/dishes. Do not drink.",Medium
8.19,1753.0,39.46,31.3,72.3,37.4,10.5,75.4,37.4,3,Marginal / limited use,"Marginal quality. Best for rough cleaning (floors, car, non-contact uses). Avoid for clothes/dishes. Do not drink.",Medium
8.21,1761.0,39.68,31.3,71.7,37.2,10.3,74.9,37.1,3,Marginal / limited use,"Marginal quality. Best for rough cleaning (floors, car, non-contact uses). Avoid for clothes/dishes. Do not drink.",Medium
8.22,1769.1,39.90,31.4,71.2,36.9,10.1,74.3,36.8,3,Marginal / limited use,"Marginal quality. Best for rough cleaning (floors, car, non-contact uses). Avoid for clothes/dishes. Do not drink.",Medium
8.23,1777.1,40.12,31.5,70.6,36.7,9.9,73.8,36.5,3,Marginal / limited use,"Marginal quality. Best for rough cleaning (floors, car, non-contact uses). Avoid for clothes/dishes. Do not drink.",Medium
8.25,1785.1,40.34,31.6,70.0,36.4,9.7,73.3,36.1,3,Marginal / limited use,"Marginal quality. Best for rough cleaning (floors, car, non-contact uses). Avoid for clothes/dishes. Do not drink.",Medium
8.26,1793.2,40.56,31.6,69.5,36.2,9.4,72.7,35.8,3,Marginal / limited use,"Marginal quality. Best for rough cleaning (floors, car, non-contact uses). Avoid for clothes/dishes. Do not drink.",Medium
8.28,1801.2,40.78,31.7,68.9,36.0,9.2,72.2,35.5,3,Marginal / limited use,"Marginal quality. Best for rough cleaning (floors, car, non-contact uses). Avoid for clothes/dishes. Do not drink.",Medium
8.29,1809.2,41.00,31.8,68.4,35.7,9.0,71.6,35.1,3,Marginal / limited use,"Marginal quality. Best for rough cleaning (floors, car, non-contact uses). Avoid for clothes/dishes. Do not drink.",Medium
8.31,1817.3,41.22,31.9,67.8,35.5,8.8,71.1,34.8,3,Marginal / limited use,"Marginal quality. Best for rough cleaning (floors, car, non-contact uses). Avoid for clothes/dishes. Do not drink.",Medium
8.32,1825.3,41.45,31.9,67.2,35.2,8.6,70.5,34.5,3,Marginal / limited use,"Marginal quality. Best for rough cleaning (floors, car, non-contact uses). Avoid for clothes/dishes. Do not drink.",Medium
8.33,1833.3,41.67,32.0,66.7,35.0,8.3,70.0,34.2,3,Marginal / limited use,"Marginal quality. Best for rough cleaning (floors, car, non-contact uses). Avoid for clothes/dishes. Do not drink.",Medium
8.35,1841.4,41.89,32.1,66.1,34.8,8.1,69.6,33.9,3,Marginal / limited use,"Marginal quality. Best for rough cleaning (floors, car, non-contact uses). Avoid for clothes/dishes. Do not drink.",Medium
8.36,1849.4,42.11,32.1,65.5,34.5,7.9,69.3,33.5,3,Marginal / limited use,"Marginal quality. Best for rough cleaning (floors, car, non-contact uses). Avoid for clothes/dishes. Do not drink.",Medium
8.38,1857.4,42.33,32.2,65.0,34.3,7.7,68.9,33.2,3,Marginal / limited use,"Marginal quality. Best for rough cleaning (floors, car, non-contact uses). Avoid for clothes/dishes. Do not drink.",Medium
8.39,1865.5,42.55,32.3,64.4,34.0,7.4,68.6,32.9,3,Marginal / limited use,"Marginal quality. Best for rough cleaning (floors, car, non-contact uses). Avoid for clothes/dishes. Do not drink.",Medium
8.40,1873.5,42.77,32.4,63.9,33.8,7.2,68.2,32.6,3,Marginal / limited use,"Marginal quality. Best for rough cleaning (floors, car, non-contact uses). Avoid for clothes/dishes. Do not drink.",Medium
8.42,1881.5,42.99,32.4,63.3,33.6,7.0,67.8,32.3,3,Marginal / limited use,"Marginal quality. Best for rough cleaning (floors, car, non-contact uses). Avoid for clothes/dishes. Do not drink.",Medium
8.43,1889.6,43.21,32.5,62.7,33.3,6.8,67.5,32.0,3,Marginal / limited use,"Marginal quality. Best for rough cleaning (floors, car, non-contact uses). Avoid for clothes/dishes. Do not drink.",Medium
8.45,1897.6,43.43,32.6,62.2,33.1,6.6,67.1,31.7,3,Marginal / limited use,"Marginal quality. Best for rough cleaning (floors, car, non-contact uses). Avoid for clothes/dishes. Do not drink.",Medium
8.46,1905.6,43.65,32.7,61.6,32.8,6.3,66.7,31.4,3,Marginal / limited use,"Marginal quality. Best for rough cleaning (floors, car, non-contact uses). Avoid for clothes/dishes. Do not drink.",Medium
8.47,1913.7,43.88,32.7,61.0,32.6,6.1,66.4,31.1,3,Marginal / limited use,"Marginal quality. Best for rough cleaning (floors, car, non-contact uses). Avoid for clothes/dishes. Do not drink.",Medium
8.49,1921.7,44.10,32.8,60.5,32.3,5.9,66.0,30.8,3,Marginal / limited use,"Marginal quality. Best for rough cleaning (floors, car, non-contact uses). Avoid for clothes/dishes. Do not drink.",Medium
8.50,1929.7,44.32,32.9,59.9,32.1,5.7,65.7,30.5,3,Marginal / limited use,"Marginal quality. Best for rough cleaning (floors, car, non-contact uses). Avoid for clothes/dishes. Do not drink.",Medium
8.52,1937.8,44.54,32.9,59.4,31.9,5.5,65.3,30.1,3,Marginal / limited use,"Marginal quality. Best for rough cleaning (floors, car, non-contact uses). Avoid for clothes/dishes. Do not drink.",Medium
8.53,1945.8,44.76,33.0,58.8,31.6,5.2,64.9,29.8,3,Marginal / limited use,"Marginal quality. Best for rough cleaning (floors, car, non-contact uses). Avoid for clothes/dishes. Do not drink.",Medium
8.54,1953.8,44.98,33.1,58.2,31.4,5.0,64.6,29.5,3,Marginal / limited use,"Marginal quality. Best for rough cleaning (floors, car, non-contact uses). Avoid for clothes/dishes. Do not drink.",Medium
8.56,1961.8,45.20,33.2,57.7,31.1,4.8,64.2,29.2,3,Marginal / limited use,"Marginal quality. Best for rough cleaning (floors, car, non-contact uses). Avoid for clothes/dishes. Do not drink.",Medium
8.57,1969.9,45.42,33.2,57.1,30.9,4.6,63.9,28.9,3,Marginal / limited use,"Marginal quality. Best for rough cleaning (floors, car, non-contact uses). Avoid for clothes/dishes. Do not drink.",Medium
8.59,1977.9,45.64,33.3,56.5,30.7,4.4,63.5,28.6,3,Marginal / limited use,"Marginal quality. Best for rough cleaning (floors, car, non-contact uses). Avoid for clothes/dishes. Do not drink.",Medium
8.60,1985.9,45.86,33.4,56.0,30.4,4.1,63.1,28.3,3,Marginal / limited use,"Marginal quality. Best for rough cleaning (floors, car, non-contact uses). Avoid for clothes/dishes. Do not drink.",Medium
8.61,1994.0,46.08,33.4,55.4,30.2,3.9,62.8,28.0,3,Marginal / limited use,"Marginal quality. Best for rough cleaning (floors, car, non-contact uses). Avoid for clothes/dishes. Do not drink.",Medium
8.63,2002.0,46.31,33.5,54.9,30.0,3.7,62.4,27.7,3,Marginal / limited use,"Marginal quality. Best for rough cleaning (floors, car, non-contact uses). Avoid for clothes/dishes. Do not drink.",Medium
8.64,2010.0,46.53,33.6,54.3,29.9,3.5,62.0,27.4,3,Marginal / limited use,"Marginal quality. Best for rough cleaning (floors, car, non-contact uses). Avoid for clothes/dishes. Do not drink.",Medium
8.66,2018.1,46.75,33.7,53.7,29.8,3.3,61.7,27.2,3,Marginal / limited use,"Marginal quality. Best for rough cleaning (floors, car, non-contact uses). Avoid for clothes/dishes. Do not drink.",Medium
8.67,2026.1,46.97,33.7,53.2,29.7,3.0,61.3,26.9,3,Marginal / limited use,"Marginal quality. Best for rough cleaning (floors, car, non-contact uses). Avoid for clothes/dishes. Do not drink.",Medium
8.68,2034.1,47.19,33.8,52.6,29.7,2.8,61.0,26.6,3,Marginal / limited use,"Marginal quality. Best for rough cleaning (floors, car, non-contact uses). Avoid for clothes/dishes. Do not drink.",Medium
8.70,2042.2,47.41,33.9,52.0,29.6,2.6,60.6,26.4,3,Marginal / limited use,"Marginal quality. Best for rough cleaning (floors, car, non-contact uses). Avoid for clothes/dishes. Do not drink.",Medium
8.71,2050.2,47.63,34.0,51.5,29.5,2.4,60.2,26.1,3,Marginal / limited use,"Marginal quality. Best for rough cleaning (floors, car, non-contact uses). Avoid for clothes/dishes. Do not drink.",Medium
8.73,2058.2,47.85,34.0,50.9,29.4,2.1,59.9,25.9,3,Marginal / limited use,"Marginal quality. Best for rough cleaning (floors, car, non-contact uses). Avoid for clothes/dishes. Do not drink.",Medium
8.74,2066.3,48.07,34.1,50.4,29.3,1.9,59.5,25.6,3,Marginal / limited use,"Marginal quality. Best for rough cleaning (floors, car, non-contact uses). Avoid for clothes/dishes. Do not drink.",Medium
8.76,2074.3,48.29,34.2,49.8,29.3,1.7,59.2,25.3,3,Marginal / limited use,"Marginal quality. Best for rough cleaning (floors, car, non-contact uses). Avoid for clothes/dishes. Do not drink.",Medium
8.77,2082.3,48.51,34.2,49.2,29.2,1.5,58.8,25.1,3,Marginal / limited use,"Marginal quality. Best for rough cleaning (floors, car, non-contact uses). Avoid for clothes/dishes. Do not drink.",Medium
8.78,2090.4,48.73,34.3,48.7,29.1,1.3,58.4,24.8,3,Marginal / limited use,"Marginal quality. Best for rough cleaning (floors, car, non-contact uses). Avoid for clothes/dishes. Do not drink.",Medium
8.80,2098.4,48.96,34.4,48.1,29.0,1.0,58.1,24.6,3,Marginal / limited use,"Marginal quality. Best for rough cleaning (floors, car, non-contact uses). Avoid for clothes/dishes. Do not drink.",Medium
8.81,2106.4,49.18,34.5,47.6,28.9,0.8,57.7,24.3,3,Marginal / limited use,"Marginal quality. Best for rough cleaning (floors, car, non-contact uses). Avoid for clothes/dishes. Do not drink.",Medium
8.83,2114.5,49.40,34.5,47.0,28.9,0.6,57.3,24.0,3,Marginal / limited use,"Marginal quality. Best for rough cleaning (floors, car, non-contact uses). Avoid for clothes/dishes. Do not drink.",Medium
8.84,2122.5,49.62,34.6,46.4,28.8,0.4,57.0,23.8,3,Marginal / limited use,"Marginal quality. Best for rough cleaning (floors, car, non-contact uses). Avoid for clothes/dishes. Do not drink.",Medium
8.85,2130.5,49.84,34.7,45.9,28.7,0.2,56.6,23.5,3,Marginal / limited use,"Marginal quality. Best for rough cleaning (floors, car, non-contact uses). Avoid for clothes/dishes. Do not drink.",Medium
8.87,2138.6,50.06,34.7,45.3,28.6,0.0,56.3,23.3,4,Too dirty - not recommended,High risk. Avoid for drinking or personal use. Use only for non-sensitive tasks or find alternative source. Treat and lab-test.,High
8.88,2146.6,50.28,34.8,44.7,28.5,0.0,55.9,23.1,4,Too dirty - not recommended,High risk. Avoid for drinking or personal use. Use only for non-sensitive tasks or find alternative source. Treat and lab-test.,High
8.90,2154.6,50.50,34.9,44.2,28.5,0.0,55.5,22.9,4,Too dirty - not recommended,High risk. Avoid for drinking or personal use. Use only for non-sensitive tasks or find alternative source. Treat and lab-test.,High
8.91,2162.7,50.72,35.0,43.6,28.4,0.0,55.2,22.8,4,Too dirty - not recommended,High risk. Avoid for drinking or personal use. Use only for non-sensitive tasks or find alternative source. Treat and lab-test.,High
8.92,2170.7,50.94,35.0,43.1,28.3,0.0,54.8,22.6,4,Too dirty - not recommended,High risk. Avoid for drinking or personal use. Use only for non-sensitive tasks or find alternative source. Treat and lab-test.,High
8.94,2178.7,51.16,35.1,42.5,28.2,0.0,54.5,22.4,4,Too dirty - not recommended,High risk. Avoid for drinking or personal use. Use only for non-sensitive tasks or find alternative source. Treat and lab-test.,High
8.95,2186.7,51.39,35.2,41.9,28.1,0.0,54.1,22.2,4,Too dirty - not recommended,High risk. Avoid for drinking or personal use. Use only for non-sensitive tasks or find alternative source. Treat and lab-test.,High
8.97,2194.8,51.61,35.3,41.4,28.1,0.0,53.7,22.1,4,Too dirty - not recommended,High risk. Avoid for drinking or personal use. Use only for non-sensitive tasks or find alternative source. Treat and lab-test.,High
8.98,2202.8,51.83,35.3,40.8,28.0,0.0,53.4,21.9,4,Too dirty - not recommended,High risk. Avoid for drinking or personal use. Use only for non-sensitive tasks or find alternative source. Treat and lab-test.,High
8.99,2210.8,52.05,35.4,40.2,27.9,0.0,53.0,21.7,4,Too dirty - not recommended,High risk. Avoid for drinking or personal use. Use only for non-sensitive tasks or find alternative source. Treat and lab-test.,High
9.01,2218.9,52.27,35.5,20.0,27.8,0.0,52.7,17.6,4,Too dirty - not recommended,High risk. Avoid for drinking or personal use. Use only for non-sensitive tasks or find alternative source. Treat and lab-test.,High
9.02,2226.9,52.49,35.5,20.0,27.7,0.0,52.3,17.5,4,Too dirty - not recommended,High risk. Avoid for drinking or personal use. Use only for non-sensitive tasks or find alternative source. Treat and lab-test.,High
9.04,2234.9,52.71,35.6,20.0,27.7,0.0,51.9,17.5,4,Too dirty - not recommended,High risk. Avoid for drinking or personal use. Use only for non-sensitive tasks or find alternative source. Treat and lab-test.,High
9.05,2243.0,52.93,35.7,20.0,27.6,0.0,51.6,17.4,4,Too dirty - not recommended,High risk. Avoid for drinking or personal use. Use only for non-sensitive tasks or find alternative source. Treat and lab-test.,High
9.06,2251.0,53.15,35.8,20.0,27.5,0.0,51.2,17.4,4,Too dirty - not recommended,High risk. Avoid for drinking or personal use. Use only for non-sensitive tasks or find alternative source. Treat and lab-test.,High
9.08,2259.0,53.37,35.8,20.0,27.4,0.0,50.8,17.3,4,Too dirty - not recommended,High risk. Avoid for drinking or personal use. Use only for non-sensitive tasks or find alternative source. Treat and lab-test.,High
9.09,2267.1,53.59,35.9,20.0,27.3,0.0,50.5,17.2,4,Too dirty - not recommended,High risk. Avoid for drinking or personal use. Use only for non-sensitive tasks or find alternative source. Treat and lab-test.,High
9.11,2275.1,53.82,36.0,20.0,27.2,0.0,50.1,17.2,4,Too dirty - not recommended,High risk. Avoid for drinking or personal use. Use only for non-sensitive tasks or find alternative source. Treat and lab-test.,High
9.12,2283.1,54.04,36.0,20.0,27.2,0.0,49.8,17.1,4,Too dirty - not recommended,High risk. Avoid for drinking or personal use. Use only for non-sensitive tasks or find alternative source. Treat and lab-test.,High
9.13,2291.2,54.26,36.1,20.0,27.1,0.0,49.4,17.1,4,Too dirty - not recommended,High risk. Avoid for drinking or personal use. Use only for non-sensitive tasks or find alternative source. Treat and lab-test.,High
9.15,2299.2,54.48,36.2,20.0,27.0,0.0,49.0,17.0,4,Too dirty - not recommended,High risk. Avoid for drinking or personal use. Use only for non-sensitive tasks or find alternative source. Treat and lab-test.,High
9.16,2307.2,54.70,36.3,20.0,26.9,0.0,48.7,16.9,4,Too dirty - not recommended,High risk. Avoid for drinking or personal use. Use only for non-sensitive tasks or find alternative source. Treat and lab-test.,High
9.18,2315.3,54.92,36.3,20.0,26.8,0.0,48.3,16.9,4,Too dirty - not recommended,High risk. Avoid for drinking or personal use. Use only for non-sensitive tasks or find alternative source. Treat and lab-test.,High
9.19,2323.3,55.14,36.4,20.0,26.8,0.0,48.0,16.8,4,Too dirty - not recommended,High risk. Avoid for drinking or personal use. Use only for non-sensitive tasks or find alternative source. Treat and lab-test.,High
9.20,2331.3,55.36,36.5,20.0,26.7,0.0,47.6,16.8,4,Too dirty - not recommended,High risk. Avoid for drinking or personal use. Use only for non-sensitive tasks or find alternative source. Treat and lab-test.,High
9.22,2339.4,55.58,36.6,20.0,26.6,0.0,47.2,16.7,4,Too dirty - not recommended,High risk. Avoid for drinking or personal use. Use only for non-sensitive tasks or find alternative source. Treat and lab-test.,High
9.23,2347.4,55.80,36.6,20.0,26.5,0.0,46.9,16.6,4,Too dirty - not recommended,High risk. Avoid for drinking or personal use. Use only for non-sensitive tasks or find alternative source. Treat and lab-test.,High
9.25,2355.4,56.02,36.7,20.0,26.4,0.0,46.5,16.6,4,Too dirty - not recommended,High risk. Avoid for drinking or personal use. Use only for non-sensitive tasks or find alternative source. Treat and lab-test.,High
9.26,2363.5,56.24,36.8,20.0,26.4,0.0,46.1,16.5,4,Too dirty - not recommended,High risk. Avoid for drinking or personal use. Use only for non-sensitive tasks or find alternative source. Treat and lab-test.,High
9.28,2371.5,56.47,36.8,20.0,26.3,0.0,45.8,16.5,4,Too dirty - not recommended,High risk. Avoid for drinking or personal use. Use only for non-sensitive tasks or find alternative source. Treat and lab-test.,High
9.29,2379.5,56.69,36.9,20.0,26.2,0.0,45.4,16.4,4,Too dirty - not recommended,High risk. Avoid for drinking or personal use. Use only for non-sensitive tasks or find alternative source. Treat and lab-test.,High
9.30,2387.6,56.91,37.0,20.0,26.1,0.0,45.1,16.3,4,Too dirty - not recommended,High risk. Avoid for drinking or personal use. Use only for non-sensitive tasks or find alternative source. Treat and lab-test.,High
9.32,2395.6,57.13,37.1,20.0,26.0,0.0,44.7,16.3,4,Too dirty - not recommended,High risk. Avoid for drinking or personal use. Use only for non-sensitive tasks or find alternative source. Treat and lab-test.,High
9.33,2403.6,57.35,37.1,20.0,26.0,0.0,44.3,16.2,4,Too dirty - not recommended,High risk. Avoid for drinking or personal use. Use only for non-sensitive tasks or find alternative source. Treat and lab-test.,High
9.35,2411.6,57.57,37.2,20.0,25.9,0.0,44.0,16.2,4,Too dirty - not recommended,High risk. Avoid for drinking or personal use. Use only for non-sensitive tasks or find alternative source. Treat and lab-test.,High
9.36,2419.7,57.79,37.3,20.0,25.8,0.0,43.6,16.1,4,Too dirty - not recommended,High risk. Avoid for drinking or personal use. Use only for non-sensitive tasks or find alternative source. Treat and lab-test.,High
9.37,2427.7,58.01,37.3,20.0,25.7,0.0,43.3,16.0,4,Too dirty - not recommended,High risk. Avoid for drinking or personal use. Use only for non-sensitive tasks or find alternative source. Treat and lab-test.,High
9.39,2435.7,58.23,37.4,20.0,25.6,0.0,42.9,16.0,4,Too dirty - not recommended,High risk. Avoid for drinking or personal use. Use only for non-sensitive tasks or find alternative source. Treat and lab-test.,High
9.40,2443.8,58.45,37.5,20.0,25.6,0.0,42.5,15.9,4,Too dirty - not recommended,High risk. Avoid for drinking or personal use. Use only for non-sensitive tasks or find alternative source. Treat and lab-test.,High
9.42,2451.8,58.67,37.6,20.0,25.5,0.0,42.2,15.9,4,Too dirty - not recommended,High risk. Avoid for drinking or personal use. Use only for non-sensitive tasks or find alternative source. Treat and lab-test.,High
9.43,2459.8,58.90,37.6,20.0,25.4,0.0,41.8,15.8,4,Too dirty - not recommended,High risk. Avoid for drinking or personal use. Use only for non-sensitive tasks or find alternative source. Treat and lab-test.,High
9.44,2467.9,59.12,37.7,20.0,25.3,0.0,41.4,15.7,4,Too dirty - not recommended,High risk. Avoid for drinking or personal use. Use only for non-sensitive tasks or find alternative source. Treat and lab-test.,High
9.46,2475.9,59.34,37.8,20.0,25.2,0.0,41.1,15.7,4,Too dirty - not recommended,High risk. Avoid for drinking or personal use. Use only for non-sensitive tasks or find alternative source. Treat and lab-test.,High
9.47,2483.9,59.56,37.9,20.0,25.2,0.0,40.7,15.6,4,Too dirty - not recommended,High risk. Avoid for drinking or personal use. Use only for non-sensitive tasks or find alternative source. Treat and lab-test.,High
9.49,2492.0,59.78,37.9,20.0,25.1,0.0,40.4,15.6,4,Too dirty - not recommended,High risk. Avoid for drinking or personal use. Use only for non-sensitive tasks or find alternative source. Treat and lab-test.,High
9.50,2500.0,60.00,38.0,20.0,25.0,0.0,40.0,15.5,4,Too dirty - not recommended,High risk. Avoid for drinking or personal use. Use only for non-sensitive tasks or find alternative source. Treat and lab-test.,High
5.00,3001.0,51.00,41.0,20.0,10.0,0.0,10.0,8.0,4,Too dirty - not recommended,High risk. Avoid for drinking or personal use. Use only for non-sensitive tasks or find alternative source. Treat and lab-test.,High
9.12,3021.2,52.51,41.2,20.0,10.0,0.0,10.0,8.0,4,Too dirty - not recommended,High risk. Avoid for drinking or personal use. Use only for non-sensitive tasks or find alternative source. Treat and lab-test.,High
5.02,3041.4,54.01,41.4,20.0,10.0,0.0,10.0,8.0,4,Too dirty - not recommended,High risk. Avoid for drinking or personal use. Use only for non-sensitive tasks or find alternative source. Treat and lab-test.,High
9.16,3061.6,55.52,41.6,20.0,10.0,0.0,10.0,8.0,4,Too dirty - not recommended,High risk. Avoid for drinking or personal use. Use only for non-sensitive tasks or find alternative source. Treat and lab-test.,High
5.04,3081.8,57.02,41.8,20.0,10.0,0.0,10.0,8.0,4,Too dirty - not recommended,High risk. Avoid for drinking or personal use. Use only for non-sensitive tasks or find alternative source. Treat and lab-test.,High
9.20,3102.0,58.53,42.0,20.0,10.0,0.0,10.0,8.0,4,Too dirty - not recommended,High risk. Avoid for drinking or personal use. Use only for non-sensitive tasks or find alternative source. Treat and lab-test.,High
5.05,3122.2,60.03,42.2,20.0,10.0,0.0,10.0,8.0,4,Too dirty - not recommended,High risk. Avoid for drinking or personal use. Use only for non-sensitive tasks or find alternative source. Treat and lab-test.,High
9.23,3142.3,61.54,42.3,20.0,10.0,0.0,10.0,8.0,4,Too dirty - not recommended,High risk. Avoid for drinking or personal use. Use only for non-sensitive tasks or find alternative source. Treat and lab-test.,High
5.07,3162.5,63.04,42.5,20.0,10.0,0.0,10.0,8.0,4,Too dirty - not recommended,High risk. Avoid for drinking or personal use. Use only for non-sensitive tasks or find alternative source. Treat and lab-test.,High
9.27,3182.7,64.55,42.7,20.0,10.0,0.0,10.0,8.0,4,Too dirty - not recommended,High risk. Avoid for drinking or personal use. Use only for non-sensitive tasks or find alternative source. Treat and lab-test.,High
5.09,3202.9,66.05,42.9,20.0,10.0,0.0,10.0,8.0,4,Too dirty - not recommended,High risk. Avoid for drinking or personal use. Use only for non-sensitive tasks or find alternative source. Treat and lab-test.,High
9.31,3223.1,67.56,43.1,20.0,10.0,0.0,10.0,8.0,4,Too dirty - not recommended,High risk. Avoid for drinking or personal use. Use only for non-sensitive tasks or find alternative source. Treat and lab-test.,High
5.11,3243.3,69.06,43.3,20.0,10.0,0.0,10.0,8.0,4,Too dirty - not recommended,High risk. Avoid for drinking or personal use. Use only for non-sensitive tasks or find alternative source. Treat and lab-test.,High
9.35,3263.5,70.57,43.5,20.0,10.0,0.0,10.0,8.0,4,Too dirty - not recommended,High risk. Avoid for drinking or personal use. Use only for non-sensitive tasks or find alternative source. Treat and lab-test.,High
5.13,3283.7,72.07,43.7,20.0,10.0,0.0,10.0,8.0,4,Too dirty - not recommended,High risk. Avoid for drinking or personal use. Use only for non-sensitive tasks or find alternative source. Treat and lab-test.,High
9.39,3303.9,73.58,43.9,20.0,10.0,0.0,10.0,8.0,4,Too dirty - not recommended,High risk. Avoid for drinking or personal use. Use only for non-sensitive tasks or find alternative source. Treat and lab-test.,High
5.15,3324.1,75.08,44.1,20.0,10.0,0.0,10.0,8.0,4,Too dirty - not recommended,High risk. Avoid for drinking or personal use. Use only for non-sensitive tasks or find alternative source. Treat and lab-test.,High
9.43,3344.3,76.59,44.3,20.0,10.0,0.0,10.0,8.0,4,Too dirty - not recommended,High risk. Avoid for drinking or personal use. Use only for non-sensitive tasks or find alternative source. Treat and lab-test.,High
5.16,3364.5,78.09,44.5,20.0,10.0,0.0,10.0,8.0,4,Too dirty - not recommended,High risk. Avoid for drinking or personal use. Use only for non-sensitive tasks or find alternative source. Treat and lab-test.,High
9.46,3384.6,79.60,44.6,20.0,10.0,0.0,10.0,8.0,4,Too dirty - not recommended,High risk. Avoid for drinking or personal use. Use only for non-sensitive tasks or find alternative source. Treat and lab-test.,High
5.18,3404.8,81.10,44.8,20.0,10.0,0.0,10.0,8.0,4,Too dirty - not recommended,High risk. Avoid for drinking or personal use. Use only for non-sensitive tasks or find alternative source. Treat and lab-test.,High
9.50,3425.0,82.61,45.0,20.0,10.0,0.0,10.0,8.0,4,Too dirty - not recommended,High risk. Avoid for drinking or personal use. Use only for non-sensitive tasks or find alternative source. Treat and lab-test.,High
5.20,3445.2,84.11,45.2,20.0,10.0,0.0,10.0,8.0,4,Too dirty - not recommended,High risk. Avoid for drinking or personal use. Use only for non-sensitive tasks or find alternative source. Treat and lab-test.,High
9.54,3465.4,85.62,45.4,20.0,10.0,0.0,10.0,8.0,4,Too dirty - not recommended,High risk. Avoid for drinking or personal use. Use only for non-sensitive tasks or find alternative source. Treat and lab-test.,High
5.22,3485.6,87.12,45.6,20.0,10.0,0.0,10.0,8.0,4,Too dirty - not recommended,High risk. Avoid for drinking or personal use. Use only for non-sensitive tasks or find alternative source. Treat and lab-test.,High
9.58,3505.8,88.63,45.8,20.0,10.0,0.0,10.0,8.0,4,Too dirty - not recommended,High risk. Avoid for drinking or personal use. Use only for non-sensitive tasks or find alternative source. Treat and lab-test.,High
5.24,3526.0,90.13,46.0,20.0,10.0,0.0,10.0,8.0,4,Too dirty - not recommended,High risk. Avoid for drinking or personal use. Use only for non-sensitive tasks or find alternative source. Treat and lab-test.,High
9.62,3546.2,91.64,46.2,20.0,10.0,0.0,10.0,8.0,4,Too dirty - not recommended,High risk. Avoid for drinking or personal use. Use only for non-sensitive tasks or find alternative source. Treat and lab-test.,High
5.25,3566.4,93.14,46.4,20.0,10.0,0.0,10.0,8.0,4,Too dirty - not recommended,High risk. Avoid for drinking or personal use. Use only for non-sensitive tasks or find alternative source. Treat and lab-test.,High
9.66,3586.6,94.65,46.6,20.0,10.0,0.0,10.0,8.0,4,Too dirty - not recommended,High risk. Avoid for drinking or personal use. Use only for non-sensitive tasks or find alternative source. Treat and lab-test.,High
5.27,3606.8,96.15,46.8,20.0,10.0,0.0,10.0,8.0,4,Too dirty - not recommended,High risk. Avoid for drinking or personal use. Use only for non-sensitive tasks or find alternative source. Treat and lab-test.,High
9.69,3626.9,97.66,46.9,20.0,10.0,0.0,10.0,8.0,4,Too dirty - not recommended,High risk. Avoid for drinking or personal use. Use only for non-sensitive tasks or find alternative source. Treat and lab-test.,High
5.29,3647.1,99.16,47.1,20.0,10.0,0.0,10.0,8.0,4,Too dirty - not recommended,High risk. Avoid for drinking or personal use. Use only for non-sensitive tasks or find alternative source. Treat and lab-test.,High
9.73,3667.3,100.67,47.3,20.0,10.0,0.0,10.0,8.0,4,Too dirty - not recommended,High risk. Avoid for drinking or personal use. Use only for non-sensitive tasks or find alternative source. Treat and lab-test.,High
5.31,3687.5,102.17,47.5,20.0,10.0,0.0,10.0,8.0,4,Too dirty - not recommended,High risk. Avoid for drinking or personal use. Use only for non-sensitive tasks or find alternative source. Treat and lab-test.,High
9.77,3707.7,103.68,47.7,20.0,10.0,0.0,10.0,8.0,4,Too dirty - not recommended,High risk. Avoid for drinking or personal use. Use only for non-sensitive tasks or find alternative source. Treat and lab-test.,High
5.33,3727.9,105.18,47.9,20.0,10.0,0.0,10.0,8.0,4,Too dirty - not recommended,High risk. Avoid for drinking or personal use. Use only for non-sensitive tasks or find alternative source. Treat and lab-test.,High
9.81,3748.1,106.69,48.1,20.0,10.0,0.0,10.0,8.0,4,Too dirty - not recommended,High risk. Avoid for drinking or personal use. Use only for non-sensitive tasks or find alternative source. Treat and lab-test.,High
5.35,3768.3,108.19,48.3,20.0,10.0,0.0,10.0,8.0,4,Too dirty - not recommended,High risk. Avoid for drinking or personal use. Use only for non-sensitive tasks or find alternative source. Treat and lab-test.,High
9.85,3788.5,109.70,48.5,20.0,10.0,0.0,10.0,8.0,4,Too dirty - not recommended,High risk. Avoid for drinking or personal use. Use only for non-sensitive tasks or find alternative source. Treat and lab-test.,High
5.36,3808.7,111.20,48.7,20.0,10.0,0.0,10.0,8.0,4,Too dirty - not recommended,High risk. Avoid for drinking or personal use. Use only for non-sensitive tasks or find alternative source. Treat and lab-test.,High
9.89,3828.9,112.71,48.9,20.0,10.0,0.0,10.0,8.0,4,Too dirty - not recommended,High risk. Avoid for drinking or personal use. Use only for non-sensitive tasks or find alternative source. Treat and lab-test.,High
5.38,3849.1,114.21,49.1,20.0,10.0,0.0,10.0,8.0,4,Too dirty - not recommended,High risk. Avoid for drinking or personal use. Use only for non-sensitive tasks or find alternative source. Treat and lab-test.,High
9.93,3869.3,115.72,49.3,20.0,10.0,0.0,10.0,8.0,4,Too dirty - not recommended,High risk. Avoid for drinking or personal use. Use only for non-sensitive tasks or find alternative source. Treat and lab-test.,High
5.40,3889.4,117.22,49.4,20.0,10.0,0.0,10.0,8.0,4,Too dirty - not recommended,High risk. Avoid for drinking or personal use. Use only for non-sensitive tasks or find alternative source. Treat and lab-test.,High
9.96,3909.6,118.73,49.6,20.0,10.0,0.0,10.0,8.0,4,Too dirty - not recommended,High risk. Avoid for drinking or personal use. Use only for non-sensitive tasks or find alternative source. Treat and lab-test.,High
5.42,3929.8,120.23,49.8,20.0,10.0,0.0,10.0,8.0,4,Too dirty - not recommended,High risk. Avoid for drinking or personal use. Use only for non-sensitive tasks or find alternative source. Treat and lab-test.,High
10.00,3950.0,121.74,50.0,20.0,10.0,0.0,10.0,8.0,4,Too dirty - not recommended,High risk. Avoid for drinking or personal use. Use only for non-sensitive tasks or find alternative source. Treat and lab-test.,High
5.44,3970.2,123.24,50.2,20.0,10.0,0.0,10.0,8.0,4,Too dirty - not recommended,High risk. Avoid for drinking or personal use. Use only for non-sensitive tasks or find alternative source. Treat and lab-test.,High
10.04,3990.4,124.75,50.4,20.0,10.0,0.0,10.0,8.0,4,Too dirty - not recommended,High risk. Avoid for drinking or personal use. Use only for non-sensitive tasks or find alternative source. Treat and lab-test.,High
5.45,4010.6,126.25,50.6,20.0,10.0,0.0,10.0,8.0,4,Too dirty - not recommended,High risk. Avoid for drinking or personal use. Use only for non-sensitive tasks or find alternative source. Treat and lab-test.,High
10.08,4030.8,127.76,50.8,20.0,10.0,0.0,10.0,8.0,4,Too dirty - not recommended,High risk. Avoid for drinking or personal use. Use only for non-sensitive tasks or find alternative source. Treat and lab-test.,High
5.47,4051.0,129.26,51.0,20.0,10.0,0.0,10.0,8.0,4,Too dirty - not recommended,High risk. Avoid for drinking or personal use. Use only for non-sensitive tasks or find alternative source. Treat and lab-test.,High
10.12,4071.2,130.77,51.2,20.0,10.0,0.0,10.0,8.0,4,Too dirty - not recommended,High risk. Avoid for drinking or personal use. Use only for non-sensitive tasks or find alternative source. Treat and lab-test.,High
5.49,4091.4,132.27,51.4,20.0,10.0,0.0,10.0,8.0,4,Too dirty - not recommended,High risk. Avoid for drinking or personal use. Use only for non-sensitive tasks or find alternative source. Treat and lab-test.,High
10.16,4111.6,133.78,51.6,20.0,10.0,0.0,10.0,8.0,4,Too dirty - not recommended,High risk. Avoid for drinking or personal use. Use only for non-sensitive tasks or find alternative source. Treat and lab-test.,High
5.51,4131.7,135.28,51.7,20.0,10.0,0.0,10.0,8.0,4,Too dirty - not recommended,High risk. Avoid for drinking or personal use. Use only for non-sensitive tasks or find alternative source. Treat and lab-test.,High
10.19,4151.9,136.79,51.9,20.0,10.0,0.0,10.0,8.0,4,Too dirty - not recommended,High risk. Avoid for drinking or personal use. Use only for non-sensitive tasks or find alternative source. Treat and lab-test.,High
5.53,4172.1,138.29,52.1,20.0,10.0,0.0,10.0,8.0,4,Too dirty - not recommended,High risk. Avoid for drinking or personal use. Use only for non-sensitive tasks or find alternative source. Treat and lab-test.,High
10.23,4192.3,139.80,52.3,20.0,10.0,0.0,10.0,8.0,4,Too dirty - not recommended,High risk. Avoid for drinking or personal use. Use only for non-sensitive tasks or find alternative source. Treat and lab-test.,High
5.55,4212.5,141.30,52.5,20.0,10.0,0.0,10.0,8.0,4,Too dirty - not recommended,High risk. Avoid for drinking or personal use. Use only for non-sensitive tasks or find alternative source. Treat and lab-test.,High
10.27,4232.7,142.81,52.7,20.0,10.0,0.0,10.0,8.0,4,Too dirty - not recommended,High risk. Avoid for drinking or personal use. Use only for non-sensitive tasks or find alternative source. Treat and lab-test.,High
5.56,4252.9,144.31,52.9,20.0,10.0,0.0,10.0,8.0,4,Too dirty - not recommended,High risk. Avoid for drinking or personal use. Use only for non-sensitive tasks or find alternative source. Treat and lab-test.,High
10.31,4273.1,145.82,53.1,20.0,10.0,0.0,10.0,8.0,4,Too dirty - not recommended,High risk. Avoid for drinking or personal use. Use only for non-sensitive tasks or find alternative source. Treat and lab-test.,High
5.58,4293.3,147.32,53.3,20.0,10.0,0.0,10.0,8.0,4,Too dirty - not recommended,High risk. Avoid for drinking or personal use. Use only for non-sensitive tasks or find alternative source. Treat and lab-test.,High
10.35,4313.5,148.83,53.5,20.0,10.0,0.0,10.0,8.0,4,Too dirty - not recommended,High risk. Avoid for drinking or personal use. Use only for non-sensitive tasks or find alternative source. Treat and lab-test.,High
5.60,4333.7,150.33,53.7,20.0,10.0,0.0,10.0,8.0,4,Too dirty - not recommended,High risk. Avoid for drinking or personal use. Use only for non-sensitive tasks or find alternative source. Treat and lab-test.,High
10.39,4353.9,151.84,53.9,20.0,10.0,0.0,10.0,8.0,4,Too dirty - not recommended,High risk. Avoid for drinking or personal use. Use only for non-sensitive tasks or find alternative source. Treat and lab-test.,High
5.62,4374.1,153.34,54.1,20.0,10.0,0.0,10.0,8.0,4,Too dirty - not recommended,High risk. Avoid for drinking or personal use. Use only for non-sensitive tasks or find alternative source. Treat and lab-test.,High
10.42,4394.2,154.85,54.2,20.0,10.0,0.0,10.0,8.0,4,Too dirty - not recommended,High risk. Avoid for drinking or personal use. Use only for non-sensitive tasks or find alternative source. Treat and lab-test.,High
5.64,4414.4,156.35,54.4,20.0,10.0,0.0,10.0,8.0,4,Too dirty - not recommended,High risk. Avoid for drinking or personal use. Use only for non-sensitive tasks or find alternative source. Treat and lab-test.,High
10.46,4434.6,157.86,54.6,20.0,10.0,0.0,10.0,8.0,4,Too dirty - not recommended,High risk. Avoid for drinking or personal use. Use only for non-sensitive tasks or find alternative source. Treat and lab-test.,High
5.65,4454.8,159.36,54.8,20.0,10.0,0.0,10.0,8.0,4,Too dirty - not recommended,High risk. Avoid for drinking or personal use. Use only for non-sensitive tasks or find alternative source. Treat and lab-test.,High
10.50,4475.0,160.87,55.0,20.0,10.0,0.0,10.0,8.0,4,Too dirty - not recommended,High risk. Avoid for drinking or personal use. Use only for non-sensitive tasks or find alternative source. Treat and lab-test.,High
5.67,4495.2,162.37,55.2,20.0,10.0,0.0,10.0,8.0,4,Too dirty - not recommended,High risk. Avoid for drinking or personal use. Use only for non-sensitive tasks or find alternative source. Treat and lab-test.,High
10.54,4515.4,163.88,55.4,20.0,10.0,0.0,10.0,8.0,4,Too dirty - not recommended,High risk. Avoid for drinking or personal use. Use only for non-sensitive tasks or find alternative source. Treat and lab-test.,High
5.69,4535.6,165.38,55.6,20.0,10.0,0.0,10.0,8.0,4,Too dirty - not recommended,High risk. Avoid for drinking or personal use. Use only for non-sensitive tasks or find alternative source. Treat and lab-test.,High
10.58,4555.8,166.89,55.8,20.0,10.0,0.0,10.0,8.0,4,Too dirty - not recommended,High risk. Avoid for drinking or personal use. Use only for non-sensitive tasks or find alternative source. Treat and lab-test.,High
5.71,4576.0,168.39,56.0,20.0,10.0,0.0,10.0,8.0,4,Too dirty - not recommended,High risk. Avoid for drinking or personal use. Use only for non-sensitive tasks or find alternative source. Treat and lab-test.,High
10.62,4596.2,169.90,56.2,20.0,10.0,0.0,10.0,8.0,4,Too dirty - not recommended,High risk. Avoid for drinking or personal use. Use only for non-sensitive tasks or find alternative source. Treat and lab-test.,High
5.73,4616.4,171.40,56.4,20.0,10.0,0.0,10.0,8.0,4,Too dirty - not recommended,High risk. Avoid for drinking or personal use. Use only for non-sensitive tasks or find alternative source. Treat and lab-test.,High
10.65,4636.5,172.91,56.5,20.0,10.0,0.0,10.0,8.0,4,Too dirty - not recommended,High risk. Avoid for drinking or personal use. Use only for non-sensitive tasks or find alternative source. Treat and lab-test.,High
5.75,4656.7,174.41,56.7,20.0,10.0,0.0,10.0,8.0,4,Too dirty - not recommended,High risk. Avoid for drinking or personal use. Use only for non-sensitive tasks or find alternative source. Treat and lab-test.,High
10.69,4676.9,175.92,56.9,20.0,10.0,0.0,10.0,8.0,4,Too dirty - not recommended,High risk. Avoid for drinking or personal use. Use only for non-sensitive tasks or find alternative source. Treat and lab-test.,High
5.76,4697.1,177.42,57.1,20.0,10.0,0.0,10.0,8.0,4,Too dirty - not recommended,High risk. Avoid for drinking or personal use. Use only for non-sensitive tasks or find alternative source. Treat and lab-test.,High
10.73,4717.3,178.93,57.3,20.0,10.0,0.0,10.0,8.0,4,Too dirty - not recommended,High risk. Avoid for drinking or personal use. Use only for non-sensitive tasks or find alternative source. Treat and lab-test.,High
5.78,4737.5,180.43,57.5,20.0,10.0,0.0,10.0,8.0,4,Too dirty - not recommended,High risk. Avoid for drinking or personal use. Use only for non-sensitive tasks or find alternative source. Treat and lab-test.,High
10.77,4757.7,181.94,57.7,20.0,10.0,0.0,10.0,8.0,4,Too dirty - not recommended,High risk. Avoid for drinking or personal use. Use only for non-sensitive tasks or find alternative source. Treat and lab-test.,High
5.80,4777.9,183.44,57.9,20.0,10.0,0.0,10.0,8.0,4,Too dirty - not recommended,High risk. Avoid for drinking or personal use. Use only for non-sensitive tasks or find alternative source. Treat and lab-test.,High
10.81,4798.1,184.95,58.1,20.0,10.0,0.0,10.0,8.0,4,Too dirty - not recommended,High risk. Avoid for drinking or personal use. Use only for non-sensitive tasks or find alternative source. Treat and lab-test.,High
5.82,4818.3,186.45,58.3,20.0,10.0,0.0,10.0,8.0,4,Too dirty - not recommended,High risk. Avoid for drinking or personal use. Use only for non-sensitive tasks or find alternative source. Treat and lab-test.,High
10.85,4838.5,187.96,58.5,20.0,10.0,0.0,10.0,8.0,4,Too dirty - not recommended,High risk. Avoid for drinking or personal use. Use only for non-sensitive tasks or find alternative source. Treat and lab-test.,High
5.84,4858.7,189.46,58.7,20.0,10.0,0.0,10.0,8.0,4,Too dirty - not recommended,High risk. Avoid for drinking or personal use. Use only for non-sensitive tasks or find alternative source. Treat and lab-test.,High
10.88,4878.8,190.97,58.8,20.0,10.0,0.0,10.0,8.0,4,Too dirty - not recommended,High risk. Avoid for drinking or personal use. Use only for non-sensitive tasks or find alternative source. Treat and lab-test.,High
5.85,4899.0,192.47,59.0,20.0,10.0,0.0,10.0,8.0,4,Too dirty - not recommended,High risk. Avoid for drinking or personal use. Use only for non-sensitive tasks or find alternative source. Treat and lab-test.,High
10.92,4919.2,193.98,59.2,20.0,10.0,0.0,10.0,8.0,4,Too dirty - not recommended,High risk. Avoid for drinking or personal use. Use only for non-sensitive tasks or find alternative source. Treat and lab-test.,High
5.87,4939.4,195.48,59.4,20.0,10.0,0.0,10.0,8.0,4,Too dirty - not recommended,High risk. Avoid for drinking or personal use. Use only for non-sensitive tasks or find alternative source. Treat and lab-test.,High
10.96,4959.6,196.99,59.6,20.0,10.0,0.0,10.0,8.0,4,Too dirty - not recommended,High risk. Avoid for drinking or personal use. Use only for non-sensitive tasks or find alternative source. Treat and lab-test.,High
5.89,4979.8,198.49,59.8,20.0,10.0,0.0,10.0,8.0,4,Too dirty - not recommended,High risk. Avoid for drinking or personal use. Use only for non-sensitive tasks or find alternative source. Treat and lab-test.,High
11.00,5000.0,200.00,60.0,20.0,10.0,0.0,10.0,8.0,4,Too dirty - not recommended,High risk. Avoid for drinking or personal use. Use only for non-sensitive tasks or find alternative source. Treat and lab-test.,High
